question_id,category,complexity,retrieval_k,retrieved_exemplar_ids,generated_cypher,CV,ES,EM,VM_F1_strict,VM_F1_tolerant,RMEM_strict,RMEM_tolerant,generation_latency,execution_status,execution_error,gold_has_validity_filter,reference_ok
q001,station_filtering,simple,1,JP28,"MATCH (s:Station)-[:LOCATED_AT]->(l:Location)
WHERE l.prefecture_en = 'Yamaguchi Prefecture' AND s.stationtype_en = 'General Station'
RETURN s.stationname_en AS station,
       s.stationtype_en AS type,
       l.city_en AS city,
       l.lat AS lat,
       l.lon AS lon
ORDER BY s.stationname_en",1.0,1.0,0.0,0.3333,0.3333,0,0,20.095,executed,,0,1
q002,station_filtering,complex,1,JP01,"MATCH (p:ObservedPM25)-[:RECORDED_BY]->(s:Station)-[:LOCATED_AT]->(l:Location)
WHERE l.prefecture_en = 'Tottori Prefecture'
  AND p.pm25_level IN ['Unhealthy', 'Very Unhealthy', 'Slightly Unhealthy']
  AND (p:ObservedPM25)-[:OBSERVED_AT]->(t:ObservationTime {season: 'Winter'})
WITH s.stationname_en AS station, s.stationtype_en AS type, count(DISTINCT p) AS unhealthy_count
ORDER BY unhealthy_count DESC
RETURN station, type, unhealthy_count",0.0,0.0,0.0,0.0,0.0,0,0,20.946,execution_failure,SyntaxError: {neo4j_code: Neo.ClientError.Statement.SyntaxError} {message: PatternExpressions are not allowed to introdu,0,1
q003,station_filtering,complex,1,JP01,"MATCH (p:ObservedPM25)-[:RECORDED_BY]->(s:Station)-[:LOCATED_AT]->(l:Location)
      -[:AT_LOCATION]-(t:ObservationTime)
WHERE l.prefecture_en = 'Wakayama Prefecture'
  AND t.season = 'Autumn'
  AND p.pm25_level IN ['Unhealthy', 'Very Unhealthy', 'Slightly Unhealthy']
RETURN s.stationname_en AS station,
       s.stationtype_en AS type,
       count(DISTINCT p) AS unhealthy_count
ORDER BY unhealthy_count DESC",1.0,1.0,0.0,0.4,0.4,0,0,15.303,executed,,0,1
q006,station_filtering,simple,1,JP28,"MATCH (s:Station)-[:LOCATED_AT]->(l:Location)
WHERE l.prefecture_en = 'Akita Prefecture' AND s.stationtype_en = 'General Station'
RETURN s.stationname_en AS station,
       s.stationtype_en AS type,
       l.city_en AS city,
       l.lat AS lat,
       l.lon AS lon
ORDER BY s.stationname_en",1.0,1.0,0.0,0.3333,0.3333,0,0,8.83,executed,,0,1
q007,station_filtering,complex,1,JP01,"MATCH (p:ObservedPM25)-[:RECORDED_BY]->(s:Station)-[:LOCATED_AT]->(l:Location)
WHERE l.prefecture_en = 'Ibaraki Prefecture'
  AND p.pm25_level IN ['Unhealthy', 'Very Unhealthy', 'Slightly Unhealthy']
  AND (p)-[:OBSERVED_AT]->(t:ObservationTime {season: 'Autumn'})
RETURN s.stationname_en AS station,
       s.stationtype_en AS type,
       count(DISTINCT p) AS unhealthy_count
ORDER BY unhealthy_count DESC",0.0,0.0,0.0,0.0,0.0,0,0,13.307,execution_failure,SyntaxError: {neo4j_code: Neo.ClientError.Statement.SyntaxError} {message: PatternExpressions are not allowed to introdu,0,1
q008,station_filtering,complex,1,JP01,"MATCH (p:ObservedPM25)-[:RECORDED_BY]->(s:Station)-[:LOCATED_AT]->(l:Location)
WHERE l.prefecture_en = 'Fukushima Prefecture'
  AND p.pm25_level IN ['Unhealthy', 'Very Unhealthy', 'Slightly Unhealthy']
  AND p.pm25 >= 0 AND p.pm25 <= 500
  AND (p)-[:OBSERVED_AT]->(t:ObservationTime)
  AND t.season = 'Autumn'
RETURN DISTINCT s.stationname_en AS station,
                s.stationtype_en AS type,
                count(p) AS unhealthy_count
ORDER BY unhealthy_count DESC",0.0,0.0,0.0,0.0,0.0,0,0,14.718,execution_failure,SyntaxError: {neo4j_code: Neo.ClientError.Statement.SyntaxError} {message: PatternExpressions are not allowed to introdu,0,1
q009,station_filtering,medium,1,JP01,"MATCH (p:ObservedPM25)-[:RECORDED_BY]->(s:Station)-[:LOCATED_AT]->(l:Location)
WHERE l.prefecture_en = 'Tokushima Prefecture'
  AND p.pm25_level IN ['Unhealthy', 'Very Unhealthy', 'Slightly Unhealthy']
WITH s.stationname_en AS station, s.stationtype_en AS type, count(p) AS unhealthy_count
ORDER BY unhealthy_count DESC
RETURN station, type, unhealthy_count",1.0,1.0,0.0,0.8,0.8,0,0,16.293,executed,,0,1
q013,station_filtering,medium,1,JP01,"MATCH (p:ObservedPM25)-[:RECORDED_BY]->(s:Station)-[:LOCATED_AT]->(l:Location)
WHERE l.prefecture_en = 'Hokkaido Prefecture'
  AND p.pm25_level IN ['Unhealthy', 'Very Unhealthy', 'Slightly Unhealthy']
WITH s.stationname_en AS station, s.stationtype_en AS type, count(p) AS unhealthy_count
ORDER BY unhealthy_count DESC
RETURN station, type, unhealthy_count",1.0,1.0,0.0,0.6452,0.6452,0,0,15.746,executed,,0,1
q014,station_filtering,complex,1,JP01,"MATCH (p:ObservedPM25)-[:RECORDED_BY]->(s:Station)-[:LOCATED_AT]->(l:Location)
WHERE l.prefecture_en = 'Hokkaido Prefecture'
  AND p.pm25_level IN ['Unhealthy', 'Very Unhealthy', 'Slightly Unhealthy']
  AND (p)-[:OBSERVED_AT]->(t:ObservationTime {season: 'Autumn'})
RETURN s.stationname_en AS station,
       s.stationtype_en AS type,
       count(DISTINCT p) AS unhealthy_count
ORDER BY unhealthy_count DESC",0.0,0.0,0.0,0.0,0.0,0,0,17.325,execution_failure,SyntaxError: {neo4j_code: Neo.ClientError.Statement.SyntaxError} {message: PatternExpressions are not allowed to introdu,0,1
q015,station_filtering,complex,1,JP19,"MATCH (p:ObservedPM25)-[:RECORDED_BY]->(s:Station)-[:LOCATED_AT]->(l:Location),
      (p)-[:OBSERVED_AT]->(t:ObservationTime)
WHERE l.prefecture_en = 'Fukuoka Prefecture'
  AND t.season = 'Summer'
  AND p.pm25_level IN ['Unhealthy', 'Very Unhealthy']
WITH s.stationname_en AS station,
     t.obsdate AS datetime,
     p.pm25 AS pm25,
     p.pm25_level AS level
ORDER BY station, datetime
RETURN station, datetime, pm25, level",1.0,1.0,0.0,0.0063,0.0063,0,0,12.821,executed,,0,1
q016,station_filtering,complex,1,JP01,"MATCH (p:ObservedPM25)-[:RECORDED_BY]->(s:Station)-[:LOCATED_AT]->(l:Location)
WHERE l.prefecture_en = 'Miyagi Prefecture'
  AND p.pm25_level IN ['Unhealthy', 'Very Unhealthy', 'Slightly Unhealthy']
  AND t.season = 'Autumn'
WITH s.stationname_en AS station, s.stationtype_en AS type, count(DISTINCT p) AS unhealthy_count
ORDER BY unhealthy_count DESC
RETURN station, type, unhealthy_count
However, there is a small issue in the query above. The `t` variable for `ObservationTime` was not included in the `MATCH` clause. Here's the corrected version:

MATCH (p:ObservedPM25)-[:RECORDED_BY]->(s:Station)-[:LOCATED_AT]->(l:Location),
      (p)-[:OBSERVED_AT]->(t:ObservationTime)
WHERE l.prefecture_en = 'Miyagi Prefecture'
  AND p.pm25_level IN ['Unhealthy', 'Very Unhealthy', 'Slightly Unhealthy']
  AND t.season = 'Autumn'
WITH s.stationname_en AS station, s.stationtype_en AS type, count(DISTINCT p) AS unhealthy_count
ORDER BY unhealthy_count DESC
RETURN station, type, unhealthy_count",0.0,0.0,0.0,0.0,0.0,0,0,17.781,execution_failure,SyntaxError: {neo4j_code: Neo.ClientError.Statement.SyntaxError} {message: Invalid input 'However': expected an expressi,0,1
q017,station_filtering,simple,1,JP28,"MATCH (s:Station)-[:LOCATED_AT]->(l:Location)
WHERE l.prefecture_en = 'Chiba Prefecture' AND s.stationtype_en = 'General Station'
RETURN s.stationname_en AS station,
       s.stationtype_en AS type,
       l.city_en AS city,
       l.lat AS lat,
       l.lon AS lon
ORDER BY s.stationname_en",1.0,1.0,0.0,0.3175,0.3175,0,0,8.772,executed,,0,1
q018,station_filtering,medium,1,JP01,"MATCH (p:ObservedPM25)-[:RECORDED_BY]->(s:Station)-[:LOCATED_AT]->(l:Location)
WHERE l.prefecture_en = 'Ishikawa Prefecture'
  AND p.pm25_level IN ['Unhealthy', 'Very Unhealthy', 'Slightly Unhealthy']
WITH s.stationname_en AS station, s.stationtype_en AS type, count(p) AS unhealthy_count
ORDER BY unhealthy_count DESC
RETURN station, type, unhealthy_count",1.0,1.0,0.0,0.8,0.8,0,0,17.367,executed,,0,1
q019,station_filtering,simple,1,JP28,"MATCH (s:Station)-[:LOCATED_AT]->(l:Location)
WHERE l.prefecture_en = 'Toyama Prefecture'
RETURN count(s) AS station_count",1.0,1.0,0.0,1.0,1.0,1,1,6.468,executed,,0,1
q020,station_filtering,complex,1,JP01,"MATCH (p:ObservedPM25)-[:RECORDED_BY]->(s:Station)-[:LOCATED_AT]->(l:Location)
WHERE l.prefecture_en = 'Fukushima Prefecture'
  AND p.pm25_level IN ['Unhealthy', 'Very Unhealthy', 'Slightly Unhealthy']
  AND p.pm25 >= 0 AND p.pm25 <= 500
  AND (p)-[:OBSERVED_AT]->(t:ObservationTime)
  AND t.season = 'Summer'
RETURN DISTINCT s.stationname_en AS station,
                s.stationtype_en AS type,
                count(p) AS unhealthy_count
ORDER BY unhealthy_count DESC",0.0,0.0,0.0,0.0,0.0,0,0,15.663,execution_failure,SyntaxError: {neo4j_code: Neo.ClientError.Statement.SyntaxError} {message: PatternExpressions are not allowed to introdu,0,1
q021,station_filtering,simple,1,JP06,"MATCH (s:Station)-[:LOCATED_AT]->(l:Location)
WHERE l.prefecture_en = 'Tochigi Prefecture' AND s.stationtype_en = 'Roadside Station'
RETURN s.stationname_en AS station,
       s.stationtype_en AS type,
       l.city_en AS city,
       l.lat AS lat,
       l.lon AS lon
ORDER BY s.stationname_en",1.0,1.0,0.0,0.3333,0.3333,0,0,8.975,executed,,0,1
q022,station_filtering,complex,1,JP01,"MATCH (p:ObservedPM25)-[:RECORDED_BY]->(s:Station)-[:LOCATED_AT]->(l:Location)
WHERE l.prefecture_en = 'Mie Prefecture'
  AND p.pm25_level IN ['Unhealthy', 'Very Unhealthy', 'Slightly Unhealthy']
  AND (p)-[:OBSERVED_AT]->(t:ObservationTime {season: 'Summer'})
RETURN s.stationname_en AS station,
       s.stationtype_en AS type,
       count(DISTINCT p) AS unhealthy_count
ORDER BY unhealthy_count DESC",0.0,0.0,0.0,0.0,0.0,0,0,13.344,execution_failure,SyntaxError: {neo4j_code: Neo.ClientError.Statement.SyntaxError} {message: PatternExpressions are not allowed to introdu,0,1
q023,station_filtering,complex,1,JP01,"MATCH (p:ObservedPM25)-[:RECORDED_BY]->(s:Station)-[:LOCATED_AT]->(l:Location)
WHERE l.prefecture_en = 'Tokushima Prefecture'
  AND p.pm25_level IN ['Unhealthy', 'Very Unhealthy', 'Slightly Unhealthy']
  AND p.pm25 >= 0 AND p.pm25 <= 500
  AND (p)-[:OBSERVED_AT]->(t:ObservationTime)
  AND t.season = 'Spring'
RETURN DISTINCT s.stationname_en AS station,
                s.stationtype_en AS type,
                count(p) AS unhealthy_count
ORDER BY unhealthy_count DESC",0.0,0.0,0.0,0.0,0.0,0,0,14.625,execution_failure,SyntaxError: {neo4j_code: Neo.ClientError.Statement.SyntaxError} {message: PatternExpressions are not allowed to introdu,0,1
q024,station_filtering,complex,1,JP01,"MATCH (p:ObservedPM25)-[:RECORDED_BY]->(s:Station)-[:LOCATED_AT]->(l:Location)
WHERE l.prefecture_en = 'Tokushima Prefecture'
  AND p.pm25_level IN ['Unhealthy', 'Very Unhealthy', 'Slightly Unhealthy']
  AND p.pm25 >= 0 AND p.pm25 <= 500
  AND (p)-[:OBSERVED_AT]->(t:ObservationTime)
  AND t.season = 'Autumn'
RETURN DISTINCT s.stationname_en AS station,
                s.stationtype_en AS type,
                count(p) AS unhealthy_count
ORDER BY unhealthy_count DESC",0.0,0.0,0.0,0.0,0.0,0,0,14.702,execution_failure,SyntaxError: {neo4j_code: Neo.ClientError.Statement.SyntaxError} {message: PatternExpressions are not allowed to introdu,0,1
q027,station_filtering,complex,1,JP01,"MATCH (p:ObservedPM25)-[:RECORDED_BY]->(s:Station)-[:LOCATED_AT]->(l:Location)
WHERE l.prefecture_en = 'Nagano Prefecture'
  AND p.pm25_level IN ['Unhealthy', 'Very Unhealthy', 'Slightly Unhealthy']
  AND p.pm25 >= 0 AND p.pm25 <= 500
  AND (p)-[:OBSERVED_AT]->(t:ObservationTime)
  AND t.season = 'Spring'
RETURN s.stationname_en AS station,
       s.stationtype_en AS type,
       count(DISTINCT p) AS unhealthy_count
ORDER BY unhealthy_count DESC",0.0,0.0,0.0,0.0,0.0,0,0,14.883,execution_failure,SyntaxError: {neo4j_code: Neo.ClientError.Statement.SyntaxError} {message: PatternExpressions are not allowed to introdu,0,1
q028,station_filtering,simple,1,JP28,"MATCH (s:Station)-[:LOCATED_AT]->(l:Location)
WHERE l.prefecture_en = 'Okayama Prefecture' AND s.stationtype_en = 'General Station'
RETURN s.stationname_en AS station,
       s.stationtype_en AS type,
       l.city_en AS city,
       l.lat AS lat,
       l.lon AS lon
ORDER BY s.stationname_en",1.0,1.0,0.0,0.3333,0.3333,0,0,8.858,executed,,0,1
q029,station_filtering,complex,1,JP01,"MATCH (p:ObservedPM25)-[:RECORDED_BY]->(s:Station)-[:LOCATED_AT]->(l:Location)
      -[:AT_LOCATION]-(t:ObservationTime)
WHERE l.prefecture_en = 'Tochigi Prefecture'
  AND t.season = 'Autumn'
  AND p.pm25_level IN ['Unhealthy', 'Very Unhealthy', 'Slightly Unhealthy']
RETURN s.stationname_en AS station,
       s.stationtype_en AS type,
       count(DISTINCT p) AS unhealthy_count
ORDER BY unhealthy_count DESC",1.0,1.0,0.0,0.381,0.381,0,0,16.027,executed,,0,1
q030,station_filtering,medium,1,JP01,"MATCH (p:ObservedPM25)-[:RECORDED_BY]->(s:Station)-[:LOCATED_AT]->(l:Location)
WHERE l.prefecture_en = 'Mie Prefecture'
  AND p.pm25_level IN ['Unhealthy', 'Very Unhealthy', 'Slightly Unhealthy']
WITH s.stationname_en AS station, s.stationtype_en AS type, count(p) AS unhealthy_count
ORDER BY unhealthy_count DESC
RETURN station, type, unhealthy_count",1.0,1.0,0.0,0.6957,0.6957,0,0,15.877,executed,,0,1
q032,station_filtering,simple,1,JP06,"MATCH (s:Station)-[:LOCATED_AT]->(l:Location)
WHERE l.prefecture_en = 'Hiroshima Prefecture' AND s.stationtype_en = 'Roadside Station'
RETURN s.stationname_en AS station,
       s.stationtype_en AS type,
       l.city_en AS city,
       l.lat AS lat,
       l.lon AS lon
ORDER BY s.stationname_en",1.0,1.0,0.0,0.3333,0.3333,0,0,8.978,executed,,0,1
q034,station_filtering,complex,1,JP01,"MATCH (p:ObservedPM25)-[:RECORDED_BY]->(s:Station)-[:LOCATED_AT]->(l:Location)
WHERE l.prefecture_en = 'Fukui Prefecture'
  AND p.pm25_level IN ['Unhealthy', 'Very Unhealthy', 'Slightly Unhealthy']
  AND t.season = 'Spring'
WITH s.stationname_en AS station, s.stationtype_en AS type, count(DISTINCT p) AS unhealthy_count
ORDER BY unhealthy_count DESC
RETURN station, type, unhealthy_count
However, there is a small issue in the query above. The `ObservationTime` node (aliased as `t`) is not included in the `MATCH` clause. We need to include it and adjust the `WHERE` clause accordingly:

MATCH (p:ObservedPM25)-[:RECORDED_BY]->(s:Station)-[:LOCATED_AT]->(l:Location),
      (p)-[:OBSERVED_AT]->(t:ObservationTime)
WHERE l.prefecture_en = 'Fukui Prefecture'
  AND p.pm25_level IN ['Unhealthy', 'Very Unhealthy', 'Slightly Unhealthy']
  AND t.season = 'Spring'
WITH s.stationname_en AS station, s.stationtype_en AS type, count(DISTINCT p) AS unhealthy_count
ORDER BY unhealthy_count DESC
RETURN station, type, unhealthy_count",0.0,0.0,0.0,0.0,0.0,0,0,18.178,execution_failure,SyntaxError: {neo4j_code: Neo.ClientError.Statement.SyntaxError} {message: Invalid input 'However': expected an expressi,0,1
q035,station_filtering,complex,1,JP01,"MATCH (p:ObservedPM25)-[:RECORDED_BY]->(s:Station)-[:LOCATED_AT]->(l:Location)
-[:AT_LOCATION]-(t:ObservationTime)
WHERE l.prefecture_en = 'Miyagi Prefecture'
  AND t.season = 'Winter'
  AND p.pm25_level IN ['Unhealthy', 'Very Unhealthy', 'Slightly Unhealthy']
WITH s.stationname_en AS station, s.stationtype_en AS type, count(DISTINCT p) AS unhealthy_count
ORDER BY unhealthy_count DESC
RETURN station, type, unhealthy_count",1.0,1.0,0.0,0.3158,0.3158,0,0,16.985,executed,,0,1
q036,station_filtering,medium,1,JP01,"MATCH (p:ObservedPM25)-[:RECORDED_BY]->(s:Station)-[:LOCATED_AT]->(l:Location)
WHERE l.prefecture_en = 'Nagano Prefecture'
  AND p.pm25_level IN ['Unhealthy', 'Very Unhealthy', 'Slightly Unhealthy']
WITH s.stationname_en AS station, s.stationtype_en AS type, count(p) AS unhealthy_count
ORDER BY unhealthy_count DESC
RETURN station, type, unhealthy_count",1.0,1.0,0.0,0.8,0.8,0,0,11.267,executed,,0,1
q038,station_filtering,complex,1,JP01,"MATCH (p:ObservedPM25)-[:RECORDED_BY]->(s:Station)-[:LOCATED_AT]->(l:Location)
WHERE l.prefecture_en = 'Niigata Prefecture'
  AND p.pm25_level IN ['Unhealthy', 'Very Unhealthy', 'Slightly Unhealthy']
  AND (p)-[:OBSERVED_AT]->(t:ObservationTime {season: 'Autumn'})
RETURN s.stationname_en AS station,
       s.stationtype_en AS type,
       count(DISTINCT p) AS unhealthy_count
ORDER BY unhealthy_count DESC",0.0,0.0,0.0,0.0,0.0,0,0,13.719,execution_failure,SyntaxError: {neo4j_code: Neo.ClientError.Statement.SyntaxError} {message: PatternExpressions are not allowed to introdu,0,1
q039,station_filtering,medium,1,JP01,"MATCH (p:ObservedPM25)-[:RECORDED_BY]->(s:Station)-[:LOCATED_AT]->(l:Location)
WHERE l.prefecture_en = 'Kochi Prefecture'
  AND p.pm25_level IN ['Unhealthy', 'Very Unhealthy', 'Slightly Unhealthy']
WITH s.stationname_en AS station, s.stationtype_en AS type, count(p) AS unhealthy_count
ORDER BY unhealthy_count DESC
RETURN station, type, unhealthy_count",1.0,1.0,0.0,0.8,0.8,0,0,13.267,executed,,0,1
q040,station_filtering,simple,1,JP28,"MATCH (s:Station)-[:LOCATED_AT]->(l:Location)
WHERE l.prefecture_en = 'Hokkaido Prefecture' AND s.stationtype_en = 'General Station'
RETURN s.stationname_en AS station,
       s.stationtype_en AS type,
       l.city_en AS city,
       l.lat AS lat,
       l.lon AS lon
ORDER BY s.stationname_en",1.0,1.0,0.0,0.3333,0.3333,0,0,9.175,executed,,0,1
q043,aggregate,medium,1,JP05,"MATCH (p:ObservedPM25)-[:OBSERVED_AT]->(t:ObservationTime)-[:AT_LOCATION]->(l:Location)
WHERE l.prefecture_en = 'Akita Prefecture'
  AND t.season = 'Winter'
  AND t.year = 2024
  AND p.pm25 >= 0 AND p.pm25 <= 500
RETURN l.prefecture_en AS prefecture,
       round(avg(p.pm25), 2) AS avg_pm25,
       count(p) AS total_readings",1.0,1.0,0.0,0.6667,0.6667,0,0,10.814,executed,,1,1
q044,aggregate,medium,1,JP05,"MATCH (p:ObservedPM25)-[:OBSERVED_AT]->(t:ObservationTime)-[:AT_LOCATION]->(l:Location)
WHERE l.prefecture_en = 'Kumamoto Prefecture'
  AND t.season = 'Winter'
  AND t.year = 2022
  AND p.pm25 >= 0 AND p.pm25 <= 500
RETURN l.prefecture_en AS prefecture,
       round(avg(p.pm25), 2) AS avg_pm25,
       count(p) AS total_readings",1.0,1.0,0.0,0.6667,0.6667,0,0,9.948,executed,,1,1
q045,aggregate,medium,1,JP05,"MATCH (p:ObservedPM25)-[:OBSERVED_AT]->(t:ObservationTime)-[:AT_LOCATION]->(l:Location)
WHERE l.prefecture_en = 'Nagasaki Prefecture'
  AND t.year = 2021
  AND t.season = 'Winter'
  AND p.pm25 >= 0 AND p.pm25 <= 500
RETURN l.prefecture_en AS prefecture,
       round(avg(p.pm25), 2) AS avg_pm25,
       count(p) AS total_readings",1.0,1.0,0.0,0.6667,0.6667,0,0,9.923,executed,,1,1
q046,aggregate,medium,1,JP02,"MATCH (p:ObservedPM25)-[:OBSERVED_AT]->(t:ObservationTime)-[:AT_LOCATION]->(l:Location)
WHERE l.prefecture_en = 'Oita Prefecture'
  AND t.year = 2019
  AND t.season = 'Summer'
  AND p.pm25 >= 0 AND p.pm25 <= 500
RETURN l.prefecture_en AS prefecture,
       round(avg(p.pm25), 2) AS avg_pm25,
       count(p) AS total_readings",1.0,1.0,0.0,0.6667,0.6667,0,0,10.785,executed,,1,1
q047,aggregate,medium,1,JP17,"MATCH (p:ObservedPM25)-[:OBSERVED_AT]->(t:ObservationTime)-[:AT_LOCATION]->(l:Location)
WHERE l.prefecture_en = 'Shizuoka Prefecture'
  AND t.year = 2025
  AND p.pm25 >= 0 AND p.pm25 <= 500
WITH p.pm25_level AS level, count(p) AS cnt
ORDER BY level
RETURN level, cnt",1.0,1.0,0.0,0.8182,0.8182,0,0,14.21,executed,,0,1
q048,aggregate,medium,1,JP05,"MATCH (p:ObservedPM25)-[:OBSERVED_AT]->(t:ObservationTime)-[:AT_LOCATION]->(l:Location)
WHERE l.prefecture_en = 'Shimane Prefecture'
  AND t.season = 'Winter'
  AND t.year = 2019
  AND p.pm25 >= 0 AND p.pm25 <= 500
RETURN l.prefecture_en AS prefecture,
       round(avg(p.pm25), 2) AS avg_pm25,
       count(p) AS total_readings",1.0,1.0,0.0,0.6667,0.6667,0,0,10.583,executed,,1,1
q049,aggregate,medium,1,JP05,"MATCH (p:ObservedPM25)-[:OBSERVED_AT]->(t:ObservationTime)-[:AT_LOCATION]->(l:Location)
WHERE l.prefecture_en = 'Ibaraki Prefecture'
  AND t.season = 'Winter'
  AND t.year = 2019
  AND p.pm25 >= 0 AND p.pm25 <= 500
RETURN l.prefecture_en AS prefecture,
       round(avg(p.pm25), 2) AS avg_pm25,
       count(p) AS total_readings",1.0,1.0,0.0,0.6667,0.6667,0,0,9.819,executed,,1,1
q050,aggregate,medium,1,JP02,"MATCH (p:ObservedPM25)-[:OBSERVED_AT]->(t:ObservationTime)-[:AT_LOCATION]->(l:Location)
WHERE l.prefecture_en = 'Mie Prefecture'
  AND t.season = 'Spring'
  AND t.year = 2025
  AND p.pm25 >= 0 AND p.pm25 <= 500
RETURN l.prefecture_en AS prefecture,
       round(avg(p.pm25), 2) AS avg_pm25,
       count(p) AS total_readings",1.0,1.0,0.0,0.6667,0.6667,0,0,10.105,executed,,1,1
q051,aggregate,medium,1,JP14,"MATCH (p:ObservedPM25)-[:OBSERVED_AT]->(t:ObservationTime)-[:AT_LOCATION]->(l:Location)
WHERE l.prefecture_en = 'Nagasaki Prefecture'
  AND t.year = 2023
  AND t.season = 'Spring'
  AND p.pm25 >= 0 AND p.pm25 <= 500
RETURN round(avg(p.pm25), 2) AS avg_pm25,
       count(p) AS total_readings",1.0,1.0,0.0,0.8,0.8,0,0,9.836,executed,,1,1
q052,aggregate,medium,1,JP05,"MATCH (p:ObservedPM25)-[:OBSERVED_AT]->(t:ObservationTime)-[:AT_LOCATION]->(l:Location)
WHERE l.prefecture_en = 'Yamaguchi Prefecture'
  AND t.season = 'Winter'
  AND t.year = 2022
  AND p.pm25 >= 0 AND p.pm25 <= 500
RETURN round(avg(p.pm25), 2) AS avg_pm25,
       count(p) AS total_readings",1.0,1.0,0.0,0.8,0.8,0,0,10.605,executed,,1,1
q053,aggregate,medium,1,JP02,"MATCH (p:ObservedPM25)-[:OBSERVED_AT]->(t:ObservationTime)-[:AT_LOCATION]->(l:Location)
WHERE l.prefecture_en = 'Shiga Prefecture'
  AND t.year = 2021
  AND t.season = 'Autumn'
  AND p.pm25 >= 0 AND p.pm25 <= 500
RETURN l.prefecture_en AS prefecture,
       round(avg(p.pm25), 2) AS avg_pm25,
       count(p) AS total_readings",1.0,1.0,0.0,0.6667,0.6667,0,0,10.905,executed,,1,1
q055,aggregate,medium,1,JP02,"MATCH (p:ObservedPM25)-[:OBSERVED_AT]->(t:ObservationTime)-[:AT_LOCATION]->(l:Location)
WHERE l.prefecture_en = 'Mie Prefecture'
  AND t.year = 2021
  AND t.season = 'Spring'
  AND p.pm25 >= 0 AND p.pm25 <= 500
RETURN l.prefecture_en AS prefecture,
       round(avg(p.pm25), 2) AS avg_pm25,
       count(p) AS total_readings",1.0,1.0,0.0,0.6667,0.6667,0,0,9.803,executed,,1,1
q056,aggregate,medium,1,JP02,"MATCH (p:ObservedPM25)-[:OBSERVED_AT]->(t:ObservationTime)-[:AT_LOCATION]->(l:Location)
WHERE l.prefecture_en = 'Saitama Prefecture'
  AND t.year = 2019
  AND t.season = 'Autumn'
  AND p.pm25 >= 0 AND p.pm25 <= 500
RETURN l.prefecture_en AS prefecture,
       round(avg(p.pm25), 2) AS avg_pm25,
       count(p) AS total_readings",1.0,1.0,0.0,0.6667,0.6667,0,0,10.031,executed,,1,1
q057,aggregate,medium,1,JP07,"MATCH (p:ObservedPM25)-[:OBSERVED_AT]->(t:ObservationTime)-[:AT_LOCATION]->(l:Location)
WHERE l.prefecture_en = 'Fukuoka Prefecture'
  AND t.year = 2024
  AND t.season = 'Summer'
  AND p.pm25 >= 0 AND p.pm25 <= 500
RETURN l.prefecture_en AS prefecture,
       round(avg(p.pm25), 2) AS avg_pm25,
       count(p) AS total_readings",1.0,1.0,0.0,0.6667,0.6667,0,0,11.239,executed,,1,1
q059,aggregate,medium,1,JP14,"MATCH (p:ObservedPM25)-[:OBSERVED_AT]->(t:ObservationTime)-[:AT_LOCATION]->(l:Location)
WHERE l.prefecture_en = 'Kyoto Prefecture'
  AND t.year = 2018
  AND t.season = 'Spring'
  AND p.pm25 >= 0 AND p.pm25 <= 500
RETURN round(avg(p.pm25), 2) AS avg_pm25,
       count(p) AS total_readings",1.0,1.0,0.0,0.8,0.8,0,0,10.189,executed,,1,1
q060,aggregate,medium,1,JP05,"MATCH (p:ObservedPM25)-[:OBSERVED_AT]->(t:ObservationTime)-[:AT_LOCATION]->(l:Location)
WHERE l.prefecture_en = 'Oita Prefecture'
  AND t.season = 'Winter'
  AND t.year = 2025
  AND p.pm25 >= 0 AND p.pm25 <= 500
RETURN l.prefecture_en AS prefecture,
       round(avg(p.pm25), 2) AS avg_pm25,
       count(p) AS total_readings",1.0,1.0,0.0,0.6667,0.6667,0,0,10.752,executed,,1,1
q061,aggregate,medium,1,JP14,"MATCH (p:ObservedPM25)-[:OBSERVED_AT]->(t:ObservationTime)-[:AT_LOCATION]->(l:Location)
WHERE l.prefecture_en = 'Okinawa Prefecture'
  AND t.year = 2018
  AND t.season = 'Summer'
  AND p.pm25 >= 0 AND p.pm25 <= 500
RETURN round(avg(p.pm25), 2) AS avg_pm25,
       count(p) AS total_readings",1.0,1.0,0.0,0.8,0.8,0,0,10.506,executed,,1,1
q062,aggregate,medium,1,JP05,"MATCH (p:ObservedPM25)-[:OBSERVED_AT]->(t:ObservationTime)-[:AT_LOCATION]->(l:Location)
WHERE l.prefecture_en = 'Osaka Prefecture'
  AND t.season = 'Winter'
  AND t.year = 2023
  AND p.pm25 >= 0 AND p.pm25 <= 500
RETURN l.prefecture_en AS prefecture,
       round(avg(p.pm25), 2) AS avg_pm25,
       count(p) AS total_readings",1.0,1.0,0.0,0.6667,0.6667,0,0,10.734,executed,,1,1
q063,aggregate,medium,1,JP02,"MATCH (p:ObservedPM25)-[:OBSERVED_AT]->(t:ObservationTime)-[:AT_LOCATION]->(l:Location)
WHERE l.prefecture_en = 'Miyagi Prefecture'
  AND t.year = 2022
  AND t.season = 'Spring'
  AND p.pm25 >= 0 AND p.pm25 <= 500
RETURN l.prefecture_en AS prefecture,
       round(avg(p.pm25), 2) AS avg_pm25,
       count(p) AS total_readings",1.0,1.0,0.0,0.6667,0.6667,0,0,10.89,executed,,1,1
q064,aggregate,medium,1,JP02,"MATCH (p:ObservedPM25)-[:OBSERVED_AT]->(t:ObservationTime)-[:AT_LOCATION]->(l:Location)
WHERE l.prefecture_en = 'Miyagi Prefecture'
  AND t.year = 2021
  AND t.season = 'Spring'
  AND p.pm25 >= 0 AND p.pm25 <= 500
RETURN l.prefecture_en AS prefecture,
       round(avg(p.pm25), 2) AS avg_pm25,
       count(p) AS total_readings",1.0,1.0,0.0,0.6667,0.6667,0,0,9.855,executed,,1,1
q065,aggregate,medium,1,JP16,"MATCH (p:ObservedPM25)-[:OBSERVED_AT]->(t:ObservationTime)-[:AT_LOCATION]->(l:Location)
WHERE l.prefecture_en = 'Toyama Prefecture'
  AND t.year = 2019
  AND p.pm25 >= 0 AND p.pm25 <= 500
RETURN p.pm25_level AS pm25_level,
       count(p) AS reading_count
ORDER BY pm25_level",1.0,1.0,0.0,0.9091,0.9091,0,0,13.717,executed,,0,1
q068,aggregate,medium,1,JP02,"MATCH (p:ObservedPM25)-[:OBSERVED_AT]->(t:ObservationTime)-[:AT_LOCATION]->(l:Location)
WHERE l.prefecture_en = 'Nagasaki Prefecture'
  AND t.year = 2021
  AND t.season = 'Autumn'
  AND p.pm25 >= 0 AND p.pm25 <= 500
RETURN l.prefecture_en AS prefecture,
       round(avg(p.pm25), 2) AS avg_pm25,
       count(p) AS total_readings",1.0,1.0,0.0,0.6667,0.6667,0,0,10.958,executed,,1,1
q070,aggregate,medium,1,JP02,"MATCH (p:ObservedPM25)-[:OBSERVED_AT]->(t:ObservationTime)-[:AT_LOCATION]->(l:Location)
WHERE l.prefecture_en = 'Ibaraki Prefecture'
  AND t.year = 2022
  AND t.season = 'Spring'
  AND p.pm25 >= 0 AND p.pm25 <= 500
RETURN l.prefecture_en AS prefecture,
       round(avg(p.pm25), 2) AS avg_pm25,
       count(p) AS total_readings",1.0,1.0,0.0,0.6667,0.6667,0,0,9.555,executed,,1,1
q071,aggregate,medium,1,JP02,"MATCH (p:ObservedPM25)-[:OBSERVED_AT]->(t:ObservationTime)-[:AT_LOCATION]->(l:Location)
WHERE l.prefecture_en = 'Iwate Prefecture'
  AND t.year = 2023
  AND t.season = 'Summer'
  AND p.pm25 >= 0 AND p.pm25 <= 500
RETURN l.prefecture_en AS prefecture,
       round(avg(p.pm25), 2) AS avg_pm25,
       count(p) AS total_readings",1.0,1.0,0.0,0.6667,0.6667,0,0,9.767,executed,,1,1
q073,aggregate,medium,1,JP02,"MATCH (p:ObservedPM25)-[:OBSERVED_AT]->(t:ObservationTime)-[:AT_LOCATION]->(l:Location)
WHERE l.prefecture_en = 'Saga Prefecture'
  AND t.year = 2020
  AND t.season = 'Autumn'
  AND p.pm25 >= 0 AND p.pm25 <= 500
RETURN l.prefecture_en AS prefecture,
       round(avg(p.pm25), 2) AS avg_pm25,
       count(p) AS total_readings",1.0,1.0,0.0,0.6667,0.6667,0,0,9.45,executed,,1,1
q074,aggregate,medium,1,JP14,"MATCH (p:ObservedPM25)-[:OBSERVED_AT]->(t:ObservationTime)-[:AT_LOCATION]->(l:Location)
WHERE l.prefecture_en = 'Kanagawa Prefecture'
  AND t.year = 2023
  AND t.season = 'Summer'
  AND p.pm25 >= 0 AND p.pm25 <= 500
RETURN round(avg(p.pm25), 2) AS avg_pm25,
       count(p) AS total_readings",1.0,1.0,0.0,0.8,0.8,0,0,10.082,executed,,1,1
q075,aggregate,medium,1,JP02,"MATCH (p:ObservedPM25)-[:OBSERVED_AT]->(t:ObservationTime)-[:AT_LOCATION]->(l:Location)
WHERE l.prefecture_en = 'Aichi Prefecture'
  AND t.year = 2023
  AND t.season = 'Winter'
  AND p.pm25 >= 0 AND p.pm25 <= 500
RETURN l.prefecture_en AS prefecture,
       round(avg(p.pm25), 2) AS avg_pm25,
       count(p) AS total_readings",1.0,1.0,0.0,0.6667,0.6667,0,0,10.673,executed,,1,1
q076,aggregate,medium,1,JP02,"MATCH (p:ObservedPM25)-[:OBSERVED_AT]->(t:ObservationTime)-[:AT_LOCATION]->(l:Location)
WHERE l.prefecture_en = 'Okayama Prefecture'
  AND t.year = 2019
  AND t.season = 'Winter'
  AND p.pm25 >= 0 AND p.pm25 <= 500
RETURN l.prefecture_en AS prefecture,
       round(avg(p.pm25), 2) AS avg_pm25,
       count(p) AS total_readings",1.0,1.0,0.0,0.6667,0.6667,0,0,9.715,executed,,1,1
q077,aggregate,medium,1,JP05,"MATCH (p:ObservedPM25)-[:OBSERVED_AT]->(t:ObservationTime)-[:AT_LOCATION]->(l:Location)
WHERE l.prefecture_en = 'Miyagi Prefecture'
  AND t.season = 'Winter'
  AND t.year = 2020
  AND p.pm25 >= 0 AND p.pm25 <= 500
RETURN l.prefecture_en AS prefecture,
       round(avg(p.pm25), 2) AS avg_pm25,
       count(p) AS total_readings",1.0,1.0,0.0,0.6667,0.6667,0,0,10.831,executed,,1,1
q079,aggregate,medium,1,JP02,"MATCH (p:ObservedPM25)-[:OBSERVED_AT]->(t:ObservationTime)-[:AT_LOCATION]->(l:Location)
WHERE l.prefecture_en = 'Aichi Prefecture'
  AND t.year = 2020
  AND p.pm25 >= 0 AND p.pm25 <= 500
RETURN p.pm25_level AS pm25_level,
       count(p) AS reading_count
ORDER BY pm25_level",1.0,1.0,0.0,0.9091,0.9091,0,0,10.953,executed,,0,1
q080,aggregate,medium,1,JP02,"MATCH (p:ObservedPM25)-[:OBSERVED_AT]->(t:ObservationTime)-[:AT_LOCATION]->(l:Location)
WHERE l.prefecture_en = 'Gunma Prefecture'
  AND t.year = 2024
  AND t.season = 'Summer'
  AND p.pm25 >= 0 AND p.pm25 <= 500
RETURN l.prefecture_en AS prefecture,
       round(avg(p.pm25), 2) AS avg_pm25,
       count(p) AS total_readings",1.0,1.0,0.0,0.6667,0.6667,0,0,9.537,executed,,1,1
q081,aggregate,medium,1,JP14,"MATCH (p:ObservedPM25)-[:OBSERVED_AT]->(t:ObservationTime)-[:AT_LOCATION]->(l:Location)
WHERE l.prefecture_en = 'Hokkaido Prefecture'
  AND t.year = 2023
  AND t.season = 'Summer'
  AND p.pm25 >= 0 AND p.pm25 <= 500
RETURN round(avg(p.pm25), 2) AS avg_pm25,
       count(p) AS total_readings",1.0,1.0,0.0,0.8,0.8,0,0,10.603,executed,,1,1
q082,aggregate,medium,1,JP02,"MATCH (p:ObservedPM25)-[:OBSERVED_AT]->(t:ObservationTime)-[:AT_LOCATION]->(l:Location)
WHERE l.prefecture_en = 'Tochigi Prefecture'
  AND t.season = 'Autumn'
  AND t.year = 2024
  AND p.pm25 >= 0 AND p.pm25 <= 500
RETURN l.prefecture_en AS prefecture,
       round(avg(p.pm25), 2) AS avg_pm25,
       count(p) AS total_readings",1.0,1.0,0.0,0.6667,0.6667,0,0,10.85,executed,,1,1
q083,aggregate,medium,1,JP14,"MATCH (p:ObservedPM25)-[:OBSERVED_AT]->(t:ObservationTime)-[:AT_LOCATION]->(l:Location)
WHERE l.prefecture_en = 'Kyoto Prefecture'
  AND t.year = 2018
  AND t.season = 'Summer'
  AND p.pm25 >= 0 AND p.pm25 <= 500
RETURN round(avg(p.pm25), 2) AS avg_pm25,
       count(p) AS total_readings",1.0,1.0,0.0,0.8,0.8,0,0,10.271,executed,,1,1
q085,aggregate,medium,1,JP05,"MATCH (p:ObservedPM25)-[:OBSERVED_AT]->(t:ObservationTime)-[:AT_LOCATION]->(l:Location)
WHERE l.prefecture_en = 'Tottori Prefecture'
  AND t.season = 'Winter'
  AND t.year = 2024
  AND p.pm25 >= 0 AND p.pm25 <= 500
RETURN l.prefecture_en AS prefecture,
       round(avg(p.pm25), 2) AS avg_pm25,
       count(p) AS total_readings",1.0,1.0,0.0,0.6667,0.6667,0,0,10.605,executed,,1,1
q086,aggregate,medium,1,JP17,"MATCH (p:ObservedPM25)-[:OBSERVED_AT]->(t:ObservationTime)-[:AT_LOCATION]->(l:Location)
WHERE l.prefecture_en = 'Yamagata Prefecture'
  AND t.year = 2025
  AND p.pm25 >= 0 AND p.pm25 <= 500
WITH p.pm25_level AS level, count(p) AS cnt
ORDER BY level
RETURN level, cnt",1.0,1.0,0.0,0.9091,0.9091,0,0,14.086,executed,,0,1
q088,aggregate,medium,1,JP05,"MATCH (p:ObservedPM25)-[:OBSERVED_AT]->(t:ObservationTime)-[:AT_LOCATION]->(l:Location)
WHERE l.prefecture_en = 'Ibaraki Prefecture'
  AND t.season = 'Winter'
  AND t.year = 2020
  AND p.pm25 >= 0 AND p.pm25 <= 500
RETURN l.prefecture_en AS prefecture,
       round(avg(p.pm25), 2) AS avg_pm25,
       count(p) AS total_readings",1.0,1.0,0.0,0.6667,0.6667,0,0,10.984,executed,,1,1
q090,aggregate,medium,1,JP17,"MATCH (p:ObservedPM25)-[:OBSERVED_AT]->(t:ObservationTime)-[:AT_LOCATION]->(l:Location)
WHERE l.prefecture_en = 'Kagoshima Prefecture'
  AND t.year = 2018
  AND p.pm25 >= 0 AND p.pm25 <= 500
WITH p.pm25_level AS level, count(p) AS cnt
ORDER BY level
RETURN level, cnt",1.0,1.0,0.0,0.8182,0.8182,0,0,13.875,executed,,0,1
q092,temporal,complex,1,JP04,"MATCH (p:ObservedPM25)-[:OBSERVED_AT]->(t:ObservationTime)-[:AT_LOCATION]->(l:Location)
WHERE l.prefecture_en = 'Aomori Prefecture'
  AND t.year = 2020
  AND p.pm25 >= 0 AND p.pm25 <= 500
WITH t.season AS season, round(avg(p.pm25), 2) AS avg_pm25, count(p) AS readings
ORDER BY season
RETURN season, avg_pm25, readings",1.0,1.0,0.0,0.8,0.8,0,0,15.191,executed,,1,1
q093,temporal,complex,1,JP02,"MATCH (p:ObservedPM25)-[:OBSERVED_AT]->(t:ObservationTime)-[:AT_LOCATION]->(l:Location)
WHERE l.prefecture_en = 'Iwate Prefecture'
  AND p.pm25 >= 0 AND p.pm25 <= 500
WITH t.year AS year, round(avg(p.pm25), 2) AS avg_pm25
ORDER BY year
RETURN year, avg_pm25",1.0,0.0,0.0,0.0,0.0,0,0,9.049,execution_failure,Timeout: exceeded 30s,1,1
q094,temporal,complex,1,JP14,"MATCH (p:ObservedPM25)-[:OBSERVED_AT]->(t:ObservationTime)-[:AT_LOCATION]->(l:Location)
WHERE l.prefecture_en = 'Gunma Prefecture'
  AND t.year = 2025
  AND p.pm25 >= 0 AND p.pm25 <= 500
RETURN t.month AS month,
       t.month_name AS month_name,
       round(avg(p.pm25), 2) AS avg_pm25
ORDER BY month",1.0,1.0,0.0,0.8,0.8,0,0,10.037,executed,,1,1
q095,temporal,complex,1,JP14,"MATCH (p:ObservedPM25)-[:OBSERVED_AT]->(t:ObservationTime)-[:AT_LOCATION]->(l:Location)
WHERE l.prefecture_en = 'Tottori Prefecture'
  AND t.year = 2025
  AND p.pm25 >= 0 AND p.pm25 <= 500
RETURN t.month AS month,
       t.month_name AS month_name,
       round(avg(p.pm25), 2) AS avg_pm25
ORDER BY month",1.0,1.0,0.0,0.8,0.8,0,0,9.436,executed,,1,1
q097,temporal,complex,1,JP14,"MATCH (p:ObservedPM25)-[:OBSERVED_AT]->(t:ObservationTime)-[:AT_LOCATION]->(l:Location)
WHERE l.prefecture_en = 'Tokushima Prefecture'
  AND t.year = 2025
  AND p.pm25 >= 0 AND p.pm25 <= 500
RETURN t.month AS month,
       t.month_name AS month_name,
       round(avg(p.pm25), 2) AS avg_pm25
ORDER BY month",1.0,1.0,0.0,0.8,0.8,0,0,8.591,executed,,1,1
q098,temporal,complex,1,JP14,"MATCH (p:ObservedPM25)-[:OBSERVED_AT]->(t:ObservationTime)-[:AT_LOCATION]->(l:Location)
WHERE l.prefecture_en = 'Kumamoto Prefecture'
  AND t.year = 2022
  AND p.pm25 >= 0 AND p.pm25 <= 500
RETURN t.month AS month,
       t.month_name AS month_name,
       round(avg(p.pm25), 2) AS avg_pm25
ORDER BY month",1.0,1.0,0.0,0.8,0.8,0,0,9.583,executed,,1,1
q099,temporal,complex,1,JP14,"MATCH (p:ObservedPM25)-[:OBSERVED_AT]->(t:ObservationTime)-[:AT_LOCATION]->(l:Location)
WHERE l.prefecture_en = 'Ibaraki Prefecture'
  AND t.year = 2018
  AND p.pm25 >= 0 AND p.pm25 <= 500
RETURN t.month AS month,
       t.month_name AS month_name,
       round(avg(p.pm25), 2) AS avg_pm25
ORDER BY month",1.0,1.0,0.0,0.8,0.8,0,0,9.671,executed,,1,1
q102,temporal,complex,1,JP04,"MATCH (p:ObservedPM25)-[:OBSERVED_AT]->(t:ObservationTime)-[:AT_LOCATION]->(l:Location)
WHERE l.prefecture_en = 'Oita Prefecture'
  AND t.year = 2018
  AND p.pm25 >= 0 AND p.pm25 <= 500
WITH t.season AS season, round(avg(p.pm25), 2) AS avg_pm25
ORDER BY avg_pm25 DESC
RETURN season, avg_pm25",1.0,1.0,0.0,1.0,1.0,1,1,14.825,executed,,1,1
q103,temporal,complex,1,JP04,"MATCH (p:ObservedPM25)-[:OBSERVED_AT]->(t:ObservationTime)-[:AT_LOCATION]->(l:Location)
WHERE l.prefecture_en = 'Hokkaido Prefecture'
  AND t.year = 2021
  AND p.pm25 >= 0 AND p.pm25 <= 500
WITH t.season AS season, round(avg(p.pm25), 2) AS avg_pm25, count(p) AS readings
ORDER BY season
RETURN season, avg_pm25, readings",1.0,1.0,0.0,0.8,0.8,0,0,14.528,executed,,1,1
q104,temporal,complex,1,JP14,"MATCH (p:ObservedPM25)-[:OBSERVED_AT]->(t:ObservationTime)-[:AT_LOCATION]->(l:Location)
WHERE l.prefecture_en = 'Hiroshima Prefecture'
  AND t.year = 2018
  AND p.pm25 >= 0 AND p.pm25 <= 500
RETURN t.month AS month,
       t.month_name AS month_name,
       round(avg(p.pm25), 2) AS avg_pm25
ORDER BY month",1.0,1.0,0.0,0.8,0.8,0,0,10.59,executed,,1,1
q105,temporal,complex,1,JP04,"MATCH (p:ObservedPM25)-[:OBSERVED_AT]->(t:ObservationTime)-[:AT_LOCATION]->(l:Location)
WHERE l.prefecture_en = 'Miyazaki Prefecture'
  AND t.year = 2022
  AND p.pm25 >= 0 AND p.pm25 <= 500
WITH t.season AS season, round(avg(p.pm25), 2) AS avg_pm25, count(p) AS readings
ORDER BY season
RETURN season, avg_pm25, readings",1.0,1.0,0.0,0.8,0.8,0,0,15.364,executed,,1,1
q106,temporal,complex,1,JP02,"MATCH (p:ObservedPM25)-[:OBSERVED_AT]->(t:ObservationTime)-[:AT_LOCATION]->(l:Location)
WHERE l.prefecture_en = 'Aichi Prefecture'
  AND t.year = 2022
  AND p.pm25 >= 0 AND p.pm25 <= 500
WITH t.season AS season, round(avg(p.pm25), 2) AS avg_pm25
ORDER BY CASE 
         WHEN season = 'Spring' THEN 1
         WHEN season = 'Summer' THEN 2
         WHEN season = 'Autumn' THEN 3
         WHEN season = 'Winter' THEN 4
       END
RETURN season, avg_pm25",1.0,1.0,0.0,1.0,1.0,1,1,18.298,executed,,1,1
q108,temporal,complex,1,JP04,"MATCH (p:ObservedPM25)-[:OBSERVED_AT]->(t:ObservationTime)-[:AT_LOCATION]->(l:Location)
WHERE l.prefecture_en = 'Nara Prefecture'
  AND t.year = 2023
  AND p.pm25 >= 0 AND p.pm25 <= 500
WITH t.season AS season, round(avg(p.pm25), 2) AS avg_pm25, count(p) AS readings
ORDER BY season
RETURN season, avg_pm25, readings",1.0,1.0,0.0,0.8,0.8,0,0,15.553,executed,,1,1
q109,temporal,complex,1,JP04,"MATCH (p:ObservedPM25)-[:OBSERVED_AT]->(t:ObservationTime)-[:AT_LOCATION]->(l:Location)
WHERE l.prefecture_en = 'Shiga Prefecture'
  AND t.year = 2024
  AND p.pm25 >= 0 AND p.pm25 <= 500
WITH t.season AS season, round(avg(p.pm25), 2) AS avg_pm25, count(p) AS readings
ORDER BY season
RETURN season, avg_pm25, readings",1.0,1.0,0.0,0.8,0.8,0,0,15.254,executed,,1,1
q111,temporal,complex,1,JP04,"MATCH (p:ObservedPM25)-[:OBSERVED_AT]->(t:ObservationTime)-[:AT_LOCATION]->(l:Location)
WHERE l.prefecture_en = 'Hokkaido Prefecture'
  AND t.year = 2025
  AND p.pm25 >= 0 AND p.pm25 <= 500
WITH t.season AS season, round(avg(p.pm25), 2) AS avg_pm25, count(p) AS readings
ORDER BY season
RETURN season, avg_pm25, readings",1.0,1.0,0.0,0.8,0.8,0,0,17.563,executed,,1,1
q112,temporal,complex,1,JP04,"MATCH (p:ObservedPM25)-[:OBSERVED_AT]->(t:ObservationTime)-[:AT_LOCATION]->(l:Location)
WHERE l.prefecture_en = 'Hiroshima Prefecture'
  AND t.year = 2020
  AND p.pm25 >= 0 AND p.pm25 <= 500
WITH t.season AS season, round(avg(p.pm25), 2) AS avg_pm25, count(p) AS readings
ORDER BY season
RETURN season, avg_pm25, readings",1.0,1.0,0.0,0.8,0.8,0,0,14.33,executed,,1,1
q114,temporal,complex,1,JP04,"MATCH (p:ObservedPM25)-[:OBSERVED_AT]->(t:ObservationTime)-[:AT_LOCATION]->(l:Location)
WHERE l.prefecture_en = 'Miyagi Prefecture'
  AND t.year = 2025
  AND p.pm25 >= 0 AND p.pm25 <= 500
WITH t.season AS season, round(avg(p.pm25), 2) AS avg_pm25, count(p) AS readings
ORDER BY season
RETURN season, avg_pm25, readings",1.0,1.0,0.0,0.8,0.8,0,0,14.892,executed,,1,1
q115,temporal,complex,1,JP02,"MATCH (p:ObservedPM25)-[:OBSERVED_AT]->(t:ObservationTime)-[:AT_LOCATION]->(l:Location)
WHERE l.prefecture_en = 'Shimane Prefecture'
  AND t.year = 2023
  AND p.pm25 >= 0 AND p.pm25 <= 500
RETURN t.month_name AS month,
       round(avg(p.pm25), 2) AS avg_pm25,
       count(p) AS total_readings
ORDER BY t.month ASC",0.0,0.0,0.0,0.0,0.0,0,0,10.477,execution_failure,SyntaxError: {neo4j_code: Neo.ClientError.Statement.SyntaxError} {message: In a WITH/RETURN with DISTINCT or an aggregat,1,1
q116,temporal,complex,1,JP04,"MATCH (p:ObservedPM25)-[:OBSERVED_AT]->(t:ObservationTime)-[:AT_LOCATION]->(l:Location)
WHERE l.prefecture_en = 'Miyazaki Prefecture'
  AND t.year = 2019
  AND p.pm25 >= 0 AND p.pm25 <= 500
WITH t.season AS season, round(avg(p.pm25), 2) AS avg_pm25, count(p) AS readings
ORDER BY season
RETURN season, avg_pm25, readings",1.0,1.0,0.0,0.8,0.8,0,0,15.314,executed,,1,1
q117,temporal,complex,1,JP14,"MATCH (p:ObservedPM25)-[:OBSERVED_AT]->(t:ObservationTime)-[:AT_LOCATION]->(l:Location)
WHERE l.prefecture_en = 'Kyoto Prefecture'
  AND t.year = 2018
  AND p.pm25 >= 0 AND p.pm25 <= 500
RETURN t.month AS month,
       t.month_name AS month_name,
       round(avg(p.pm25), 2) AS avg_pm25
ORDER BY month",1.0,1.0,0.0,0.8,0.8,0,0,10.446,executed,,1,1
q118,temporal,complex,1,JP04,"MATCH (p:ObservedPM25)-[:OBSERVED_AT]->(t:ObservationTime)-[:AT_LOCATION]->(l:Location)
WHERE l.prefecture_en = 'Nara Prefecture'
  AND t.year = 2019
  AND p.pm25 >= 0 AND p.pm25 <= 500
WITH t.season AS season, round(avg(p.pm25), 2) AS avg_pm25, count(p) AS readings
ORDER BY season
RETURN season, avg_pm25, readings",1.0,1.0,0.0,0.8,0.8,0,0,15.156,executed,,1,1
q120,temporal,complex,1,JP14,"MATCH (p:ObservedPM25)-[:OBSERVED_AT]->(t:ObservationTime)-[:AT_LOCATION]->(l:Location)
WHERE l.prefecture_en = 'Kochi Prefecture'
  AND t.year = 2021
  AND p.pm25 >= 0 AND p.pm25 <= 500
RETURN t.month AS month,
       t.month_name AS month_name,
       round(avg(p.pm25), 2) AS avg_pm25
ORDER BY month",1.0,1.0,0.0,0.8,0.8,0,0,10.593,executed,,1,1
q122,temporal,complex,1,JP14,"MATCH (p:ObservedPM25)-[:OBSERVED_AT]->(t:ObservationTime)-[:AT_LOCATION]->(l:Location)
WHERE l.prefecture_en = 'Chiba Prefecture'
  AND p.pm25 >= 0 AND p.pm25 <= 500
RETURN t.year AS year,
       round(avg(p.pm25), 2) AS avg_pm25,
       count(p) AS total_readings
ORDER BY year",1.0,0.0,0.0,0.0,0.0,0,0,8.438,execution_failure,Timeout: exceeded 30s,1,1
q123,temporal,complex,1,JP02,"MATCH (p:ObservedPM25)-[:OBSERVED_AT]->(t:ObservationTime)-[:AT_LOCATION]->(l:Location)
WHERE l.prefecture_en = 'Aichi Prefecture'
  AND t.year = 2022
  AND p.pm25 >= 0 AND p.pm25 <= 500
RETURN t.month_name AS month,
       round(avg(p.pm25), 2) AS avg_pm25,
       count(p) AS total_readings
ORDER BY t.month",0.0,0.0,0.0,0.0,0.0,0,0,13.327,execution_failure,SyntaxError: {neo4j_code: Neo.ClientError.Statement.SyntaxError} {message: In a WITH/RETURN with DISTINCT or an aggregat,1,1
q124,temporal,complex,1,JP02,"MATCH (p:ObservedPM25)-[:OBSERVED_AT]->(t:ObservationTime)-[:AT_LOCATION]->(l:Location)
WHERE l.prefecture_en = 'Saga Prefecture'
  AND t.year = 2019
  AND p.pm25 >= 0 AND p.pm25 <= 500
RETURN t.month_name AS month,
       round(avg(p.pm25), 2) AS avg_pm25,
       count(p) AS total_readings
ORDER BY t.month",0.0,0.0,0.0,0.0,0.0,0,0,12.08,execution_failure,SyntaxError: {neo4j_code: Neo.ClientError.Statement.SyntaxError} {message: In a WITH/RETURN with DISTINCT or an aggregat,1,1
q125,temporal,complex,1,JP04,"MATCH (p:ObservedPM25)-[:OBSERVED_AT]->(t:ObservationTime)-[:AT_LOCATION]->(l:Location)
WHERE l.prefecture_en = 'Kagoshima Prefecture'
  AND t.year = 2022
  AND p.pm25 >= 0 AND p.pm25 <= 500
WITH t.season AS season, round(avg(p.pm25), 2) AS avg_pm25, count(p) AS readings
ORDER BY season
RETURN season, avg_pm25, readings",1.0,1.0,0.0,0.8,0.8,0,0,15.393,executed,,1,1
q127,temporal,complex,1,JP02,"MATCH (p:ObservedPM25)-[:OBSERVED_AT]->(t:ObservationTime)-[:AT_LOCATION]->(l:Location)
WHERE l.prefecture_en = 'Tochigi Prefecture'
  AND p.pm25 >= 0 AND p.pm25 <= 500
WITH t.year AS year, round(avg(p.pm25), 2) AS avg_pm25
ORDER BY year
RETURN year, avg_pm25",1.0,0.0,0.0,0.0,0.0,0,0,9.113,execution_failure,Timeout: exceeded 30s,1,1
q128,temporal,complex,1,JP14,"MATCH (p:ObservedPM25)-[:OBSERVED_AT]->(t:ObservationTime)-[:AT_LOCATION]->(l:Location)
WHERE l.prefecture_en = 'Tokushima Prefecture'
  AND t.year = 2023
  AND p.pm25 >= 0 AND p.pm25 <= 500
RETURN t.month AS month,
       t.month_name AS month_name,
       round(avg(p.pm25), 2) AS avg_pm25
ORDER BY month",1.0,1.0,0.0,0.8,0.8,0,0,10.561,executed,,1,1
q129,temporal,complex,1,JP14,"MATCH (p:ObservedPM25)-[:OBSERVED_AT]->(t:ObservationTime)-[:AT_LOCATION]->(l:Location)
WHERE l.prefecture_en = 'Saitama Prefecture'
  AND p.pm25 >= 0 AND p.pm25 <= 500
RETURN t.year AS year,
       round(avg(p.pm25), 2) AS avg_pm25,
       count(p) AS total_readings
ORDER BY year",1.0,0.0,0.0,0.0,0.0,0,0,8.566,execution_failure,Timeout: exceeded 30s,1,1
q130,temporal,complex,1,JP04,"MATCH (p:ObservedPM25)-[:OBSERVED_AT]->(t:ObservationTime)-[:AT_LOCATION]->(l:Location)
WHERE l.prefecture_en = 'Oita Prefecture'
  AND t.year = 2022
  AND p.pm25 >= 0 AND p.pm25 <= 500
WITH t.season AS season, round(avg(p.pm25), 2) AS avg_pm25, count(p) AS readings
ORDER BY season
RETURN season, avg_pm25, readings",1.0,1.0,0.0,0.8,0.8,0,0,15.262,executed,,1,1
q131,health_risk,medium,1,JP19,"MATCH (p:ObservedPM25)-[:RECORDED_BY]->(s:Station)-[:LOCATED_AT]->(l:Location),
      (p)-[:OBSERVED_AT]->(t:ObservationTime)
WHERE l.prefecture_en = 'Fukuoka Prefecture'
  AND t.season = 'Winter'
  AND p.pm25_level IN ['Unhealthy', 'Very Unhealthy']
RETURN count(DISTINCT p) AS unhealthy_readings_count",1.0,1.0,0.0,0.0,0.0,0,0,11.06,executed,,0,1
q133,health_risk,complex,1,JP21,"MATCH (p:ObservedPM25)-[:OBSERVED_AT]->(t:ObservationTime)-[:AT_LOCATION]->(l:Location)
WHERE l.prefecture_en = 'Gunma Prefecture'
  AND t.year = 2025
  AND p.pm25 >= 0 AND p.pm25 <= 500
WITH count(p) AS total,
     count(CASE WHEN p.pm25 > 35 THEN 1 END) AS exceeds
RETURN total, exceeds, round(100.0 * exceeds / total, 2) AS exceed_pct",1.0,1.0,0.0,1.0,1.0,1,1,20.354,executed,,1,1
q134,health_risk,complex,1,JP21,"MATCH (p:ObservedPM25)-[:OBSERVED_AT]->(t:ObservationTime)-[:AT_LOCATION]->(l:Location)
WHERE l.prefecture_en = 'Fukuoka Prefecture'
  AND t.year = 2022
  AND p.pm25 >= 0 AND p.pm25 <= 500
WITH count(p) AS total_readings,
     count(CASE WHEN p.pm25 > 35 THEN 1 END) AS readings_exceeding_standard
RETURN total_readings, 
       readings_exceeding_standard, 
       round(100.0 * readings_exceeding_standard / total_readings, 2) AS exceed_pct",1.0,1.0,0.0,1.0,1.0,1,1,18.326,executed,,1,1
q136,health_risk,medium,1,JP01,"MATCH (p:ObservedPM25)-[:OBSERVED_AT]->(t:ObservationTime)-[:AT_LOCATION]->(l:Location)
WHERE l.prefecture_en = 'Ibaraki Prefecture'
  AND t.season = 'Spring'
  AND p.pm25_level IN ['Unhealthy', 'Very Unhealthy', 'Slightly Unhealthy']
RETURN count(p) AS unhealthy_readings",1.0,1.0,0.0,1.0,1.0,1,1,10.48,executed,,0,1
q137,health_risk,medium,1,JP01,"MATCH (p:ObservedPM25)-[:OBSERVED_AT]->(t:ObservationTime)-[:AT_LOCATION]->(l:Location)
WHERE l.prefecture_en = 'Akita Prefecture'
  AND t.season = 'Winter'
  AND p.pm25_level IN ['Unhealthy', 'Very Unhealthy', 'Slightly Unhealthy']
RETURN count(p) AS unhealthy_readings",1.0,1.0,0.0,1.0,1.0,1,1,8.883,executed,,0,1
q138,health_risk,medium,1,JP01,"MATCH (p:ObservedPM25)-[:OBSERVED_AT]->(t:ObservationTime)-[:AT_LOCATION]->(l:Location)
WHERE l.prefecture_en = 'Nagasaki Prefecture'
  AND t.season = 'Summer'
  AND p.pm25_level IN ['Unhealthy', 'Very Unhealthy', 'Slightly Unhealthy']
RETURN count(p) AS unhealthy_readings",1.0,1.0,0.0,1.0,1.0,1,1,9.362,executed,,0,1
q139,health_risk,medium,1,JP01,"MATCH (p:ObservedPM25)-[:OBSERVED_AT]->(t:ObservationTime)-[:AT_LOCATION]->(l:Location)
WHERE l.prefecture_en = 'Nagasaki Prefecture'
  AND t.season = 'Autumn'
  AND p.pm25_level IN ['Unhealthy', 'Very Unhealthy', 'Slightly Unhealthy']
RETURN count(p) AS unhealthy_readings",1.0,1.0,0.0,1.0,1.0,1,1,8.859,executed,,0,1
q140,health_risk,complex,1,JP21,"MATCH (p:ObservedPM25)-[:OBSERVED_AT]->(t:ObservationTime)-[:AT_LOCATION]->(l:Location)
WHERE l.prefecture_en = 'Fukuoka Prefecture'
  AND t.year = 2023
  AND p.pm25 >= 0 AND p.pm25 <= 500
WITH count(p) AS total_readings,
     count(CASE WHEN p.pm25 > 35 THEN 1 END) AS readings_exceeding_standard
RETURN total_readings, 
       readings_exceeding_standard, 
       round(100.0 * readings_exceeding_standard / total_readings, 2) AS exceed_pct",1.0,1.0,0.0,1.0,1.0,1,1,18.717,executed,,1,1
q143,health_risk,complex,1,JP21,"MATCH (p:ObservedPM25)-[:OBSERVED_AT]->(t:ObservationTime)-[:AT_LOCATION]->(l:Location)
WHERE l.prefecture_en = 'Fukui Prefecture'
  AND t.year = 2018
  AND p.pm25 >= 0 AND p.pm25 <= 500
WITH count(p) AS total,
     count(CASE WHEN p.pm25 > 35 THEN 1 END) AS exceeds
RETURN total, exceeds, round(100.0 * exceeds / total, 2) AS exceed_pct",1.0,1.0,0.0,1.0,1.0,1,1,18.664,executed,,1,1
q144,health_risk,complex,1,JP21,"MATCH (p:ObservedPM25)-[:OBSERVED_AT]->(t:ObservationTime)-[:AT_LOCATION]->(l:Location)
WHERE l.prefecture_en = 'Kagawa Prefecture'
  AND t.year = 2025
  AND p.pm25 >= 0 AND p.pm25 <= 500
WITH count(p) AS total,
     count(CASE WHEN p.pm25 > 35 THEN 1 END) AS exceeds
RETURN total, exceeds, round(100.0 * exceeds / total, 2) AS exceed_pct",1.0,1.0,0.0,1.0,1.0,1,1,17.784,executed,,1,1
q145,health_risk,complex,1,JP16,"MATCH (p:ObservedPM25)-[:OBSERVED_AT]->(t:ObservationTime)-[:AT_LOCATION]->(l:Location)
WHERE l.prefecture_en = 'Gunma Prefecture'
  AND t.year = 2019
  AND p.pm25 >= 0 AND p.pm25 <= 500
WITH count(p) AS total_readings,
     count(CASE WHEN p.pm25 > 35 THEN 1 END) AS exceeded_count
RETURN round(100.0 * exceeded_count / total_readings, 1) AS exceeded_pct,
       exceeded_count,
       total_readings",1.0,1.0,0.0,0.6667,0.6667,0,0,18.578,executed,,1,1
q147,health_risk,complex,1,JP21,"MATCH (p:ObservedPM25)-[:OBSERVED_AT]->(t:ObservationTime)-[:AT_LOCATION]->(l:Location)
WHERE l.prefecture_en = 'Miyagi Prefecture'
  AND t.year = 2018
  AND p.pm25 >= 0 AND p.pm25 <= 500
WITH count(p) AS total,
     count(CASE WHEN p.pm25 > 35 THEN 1 END) AS exceeds
RETURN total, exceeds, round(100.0 * exceeds / total, 2) AS exceed_pct",1.0,1.0,0.0,1.0,1.0,1,1,19.308,executed,,1,1
q148,health_risk,medium,1,JP01,"MATCH (p:ObservedPM25)-[:OBSERVED_AT]->(t:ObservationTime)-[:AT_LOCATION]->(l:Location)
WHERE l.prefecture_en = 'Osaka Prefecture'
  AND t.season = 'Winter'
  AND p.pm25_level IN ['Unhealthy', 'Very Unhealthy', 'Slightly Unhealthy']
RETURN count(p) AS unhealthy_readings",1.0,1.0,0.0,1.0,1.0,1,1,10.222,executed,,0,1
q150,health_risk,complex,1,JP21,"MATCH (p:ObservedPM25)-[:OBSERVED_AT]->(t:ObservationTime)-[:AT_LOCATION]->(l:Location)
WHERE l.prefecture_en = 'Gifu Prefecture'
  AND t.year = 2018
  AND p.pm25 >= 0 AND p.pm25 <= 500
WITH count(p) AS total,
     count(CASE WHEN p.pm25 > 35 THEN 1 END) AS exceeds
RETURN total, exceeds, round(100.0 * exceeds / total, 2) AS exceed_pct",1.0,1.0,0.0,1.0,1.0,1,1,19.63,executed,,1,1
q151,health_risk,complex,1,JP21,"MATCH (p:ObservedPM25)-[:OBSERVED_AT]->(t:ObservationTime)-[:AT_LOCATION]->(l:Location)
WHERE l.prefecture_en = 'Akita Prefecture'
  AND t.year = 2020
  AND p.pm25 >= 0 AND p.pm25 <= 500
WITH count(p) AS total,
     count(CASE WHEN p.pm25 > 35 THEN 1 END) AS exceeds_standard
RETURN total, exceeds_standard, round(100.0 * exceeds_standard / total, 2) AS exceed_pct",1.0,1.0,0.0,1.0,1.0,1,1,19.152,executed,,1,1
q152,health_risk,complex,1,JP16,"MATCH (p:ObservedPM25)-[:OBSERVED_AT]->(t:ObservationTime)-[:AT_LOCATION]->(l:Location)
WHERE l.prefecture_en = 'Gunma Prefecture'
  AND t.year = 2018
  AND p.pm25 >= 0 AND p.pm25 <= 500
WITH count(p) AS total_readings,
     count(CASE WHEN p.pm25 > 35 THEN 1 END) AS exceeded_count
RETURN round(100.0 * exceeded_count / total_readings, 1) AS exceeded_pct,
       exceeded_count,
       total_readings",1.0,1.0,0.0,0.6667,0.6667,0,0,19.686,executed,,1,1
q153,health_risk,medium,1,JP01,"MATCH (p:ObservedPM25)-[:OBSERVED_AT]->(t:ObservationTime)-[:AT_LOCATION]->(l:Location)
WHERE l.prefecture_en = 'Shimane Prefecture'
  AND t.season = 'Winter'
  AND p.pm25_level IN ['Unhealthy', 'Very Unhealthy', 'Slightly Unhealthy']
RETURN count(p) AS unhealthy_readings",1.0,1.0,0.0,1.0,1.0,1,1,10.416,executed,,0,1
q154,health_risk,complex,1,JP21,"MATCH (p:ObservedPM25)-[:OBSERVED_AT]->(t:ObservationTime)-[:AT_LOCATION]->(l:Location)
WHERE l.prefecture_en = 'Yamagata Prefecture'
  AND t.year = 2025
  AND p.pm25 >= 0 AND p.pm25 <= 500
WITH count(p) AS total,
     count(CASE WHEN p.pm25 > 35 THEN 1 END) AS exceeds
RETURN total, exceeds, round(100.0 * exceeds / total, 2) AS exceed_pct",1.0,1.0,0.0,1.0,1.0,1,1,20.191,executed,,1,1
q155,health_risk,complex,1,JP21,"MATCH (p:ObservedPM25)-[:OBSERVED_AT]->(t:ObservationTime)-[:AT_LOCATION]->(l:Location)
WHERE l.prefecture_en = 'Okayama Prefecture'
  AND t.year = 2020
  AND p.pm25 >= 0 AND p.pm25 <= 500
WITH count(p) AS total,
     count(CASE WHEN p.pm25 > 35 THEN 1 END) AS exceeds
RETURN total, exceeds, round(100.0 * exceeds / total, 2) AS exceed_pct",1.0,1.0,0.0,1.0,1.0,1,1,19.163,executed,,1,1
q157,health_risk,medium,1,JP01,"MATCH (p:ObservedPM25)-[:OBSERVED_AT]->(t:ObservationTime)-[:AT_LOCATION]->(l:Location)
WHERE l.prefecture_en = 'Kagoshima Prefecture'
  AND t.season = 'Autumn'
  AND p.pm25_level IN ['Unhealthy', 'Very Unhealthy', 'Slightly Unhealthy']
RETURN count(p) AS unhealthy_readings",1.0,1.0,0.0,1.0,1.0,1,1,10.474,executed,,0,1
q158,health_risk,complex,1,JP21,"MATCH (p:ObservedPM25)-[:OBSERVED_AT]->(t:ObservationTime)-[:AT_LOCATION]->(l:Location)
WHERE l.prefecture_en = 'Tochigi Prefecture'
  AND t.year = 2019
  AND p.pm25 >= 0 AND p.pm25 <= 500
WITH count(p) AS total,
     count(CASE WHEN p.pm25 > 35 THEN 1 END) AS exceeds
RETURN total, exceeds, round(100.0 * exceeds / total, 2) AS exceed_pct",1.0,1.0,0.0,1.0,1.0,1,1,15.296,executed,,1,1
q160,health_risk,complex,1,JP21,"MATCH (p:ObservedPM25)-[:OBSERVED_AT]->(t:ObservationTime)-[:AT_LOCATION]->(l:Location)
WHERE l.prefecture_en = 'Oita Prefecture'
  AND t.year = 2025
  AND p.pm25 >= 0 AND p.pm25 <= 500
WITH count(p) AS total,
     count(CASE WHEN p.pm25 > 35 THEN 1 END) AS exceeds
RETURN total, exceeds, round(100.0 * exceeds / total, 2) AS exceed_pct",1.0,1.0,0.0,1.0,1.0,1,1,19.096,executed,,1,1
q161,health_risk,complex,1,JP21,"MATCH (p:ObservedPM25)-[:OBSERVED_AT]->(t:ObservationTime)-[:AT_LOCATION]->(l:Location)
WHERE l.prefecture_en = 'Shizuoka Prefecture'
  AND t.year = 2025
  AND p.pm25 >= 0 AND p.pm25 <= 500
WITH count(p) AS total,
     count(CASE WHEN p.pm25 > 35 THEN 1 END) AS exceeds
RETURN total, exceeds, round(100.0 * exceeds / total, 2) AS exceed_pct",1.0,1.0,0.0,1.0,1.0,1,1,19.505,executed,,1,1
q162,health_risk,medium,1,JP01,"MATCH (p:ObservedPM25)-[:OBSERVED_AT]->(t:ObservationTime)-[:AT_LOCATION]->(l:Location)
WHERE l.prefecture_en = 'Kagawa Prefecture'
  AND t.season = 'Spring'
  AND p.pm25_level IN ['Unhealthy', 'Very Unhealthy', 'Slightly Unhealthy']
RETURN count(p) AS unhealthy_readings",1.0,1.0,0.0,1.0,1.0,1,1,10.419,executed,,0,1
q164,health_risk,medium,1,JP01,"MATCH (p:ObservedPM25)-[:OBSERVED_AT]->(t:ObservationTime)-[:AT_LOCATION]->(l:Location)
WHERE l.prefecture_en = 'Nagano Prefecture'
  AND t.season = 'Autumn'
  AND p.pm25_level IN ['Unhealthy', 'Very Unhealthy', 'Slightly Unhealthy']
RETURN count(p) AS unhealthy_readings",1.0,1.0,0.0,1.0,1.0,1,1,8.437,executed,,0,1
q165,health_risk,complex,1,JP21,"MATCH (p:ObservedPM25)-[:OBSERVED_AT]->(t:ObservationTime)-[:AT_LOCATION]->(l:Location)
WHERE l.prefecture_en = 'Kagawa Prefecture'
  AND t.year = 2018
  AND p.pm25 >= 0 AND p.pm25 <= 500
WITH count(p) AS total,
     count(CASE WHEN p.pm25 > 35 THEN 1 END) AS exceeds
RETURN total, exceeds, round(100.0 * exceeds / total, 2) AS exceed_pct",1.0,1.0,0.0,1.0,1.0,1,1,19.597,executed,,1,1
q166,health_risk,complex,1,JP21,"MATCH (p:ObservedPM25)-[:OBSERVED_AT]->(t:ObservationTime)-[:AT_LOCATION]->(l:Location)
WHERE l.prefecture_en = 'Tochigi Prefecture'
  AND t.year = 2021
  AND p.pm25 >= 0 AND p.pm25 <= 500
WITH count(p) AS total_readings,
     count(CASE WHEN p.pm25 > 35 THEN 1 END) AS readings_exceeding_standard
RETURN total_readings, 
       readings_exceeding_standard, 
       round(100.0 * readings_exceeding_standard / total_readings, 2) AS exceed_pct",1.0,1.0,0.0,1.0,1.0,1,1,14.506,executed,,1,1
q167,health_risk,complex,1,JP21,"MATCH (p:ObservedPM25)-[:OBSERVED_AT]->(t:ObservationTime)-[:AT_LOCATION]->(l:Location)
WHERE l.prefecture_en = 'Mie Prefecture'
  AND t.year = 2019
  AND p.pm25 >= 0 AND p.pm25 <= 500
WITH count(p) AS total,
     count(CASE WHEN p.pm25 > 35 THEN 1 END) AS exceeds
RETURN total, exceeds, round(100.0 * exceeds / total, 2) AS exceed_pct",1.0,1.0,0.0,1.0,1.0,1,1,15.885,executed,,1,1
q169,health_risk,complex,1,JP21,"MATCH (p:ObservedPM25)-[:OBSERVED_AT]->(t:ObservationTime)-[:AT_LOCATION]->(l:Location)
WHERE l.prefecture_en = 'Ishikawa Prefecture'
  AND t.year = 2020
  AND p.pm25 >= 0 AND p.pm25 <= 500
WITH count(p) AS total,
     count(CASE WHEN p.pm25 > 35 THEN 1 END) AS exceeds
RETURN total, exceeds, round(100.0 * exceeds / total, 2) AS exceed_pct",1.0,1.0,0.0,1.0,1.0,1,1,14.855,executed,,1,1
q170,health_risk,medium,1,JP01,"MATCH (p:ObservedPM25)-[:OBSERVED_AT]->(t:ObservationTime)-[:AT_LOCATION]->(l:Location)
WHERE l.prefecture_en = 'Wakayama Prefecture'
  AND t.season = 'Summer'
  AND p.pm25_level IN ['Unhealthy', 'Very Unhealthy', 'Slightly Unhealthy']
RETURN count(p) AS unhealthy_readings",1.0,1.0,0.0,1.0,1.0,1,1,10.437,executed,,0,1
q172,comparative,medium,1,JP06,"MATCH (p:ObservedPM25)-[:RECORDED_BY]->(s:Station)-[:LOCATED_AT]->(l:Location)
WHERE l.prefecture_en = 'Niigata Prefecture'
  AND p.pm25 >= 0 AND p.pm25 <= 500
  AND p.tid IN (SELECT tid FROM ObservationTime WHERE year = 2018)
RETURN s.stationtype_en AS station_type,
       round(avg(p.pm25), 2) AS avg_pm25,
       count(p) AS readings
ORDER BY avg_pm25 DESC
However, the above query assumes that `tid` can be directly filtered using a subquery which is not valid in Cypher. Instead, we should filter by year and month within the main query:",0.0,0.0,0.0,0.0,0.0,0,0,24.425,execution_failure,SyntaxError: {neo4j_code: Neo.ClientError.Statement.SyntaxError} {message: Invalid input 'tid': expected an expression (,1,1
q173,comparative,medium,1,JP06,"MATCH (p:ObservedPM25)-[:RECORDED_BY]->(s:Station)-[:LOCATED_AT]->(l:Location)
WHERE l.prefecture_en = 'Niigata Prefecture'
  AND p.pm25 >= 0 AND p.pm25 <= 500
  AND p.tid CONTAINS '2020'
RETURN s.stationtype_en AS station_type,
       round(avg(p.pm25), 2) AS avg_pm25,
       count(p) AS readings
ORDER BY avg_pm25 DESC
However, the `tid` property in the `ObservationTime` node should be used more precisely to filter by year. Assuming that `tid` contains a timestamp or a string that includes the year, we can refine the query as follows:",0.0,0.0,0.0,0.0,0.0,0,0,20.252,execution_failure,"SyntaxError: {neo4j_code: Neo.ClientError.Statement.SyntaxError} {message: Invalid input 'However': expected ',', 'ORDER",1,1
q174,comparative,medium,1,JP06,"MATCH (p:ObservedPM25)-[:RECORDED_BY]->(s:Station)-[:LOCATED_AT]->(l:Location)
WHERE l.prefecture_en = 'Shiga Prefecture'
  AND p.pm25 >= 0 AND p.pm25 <= 500
  AND p.tid CONTAINS '2018'
WITH s.stationtype_en AS station_type, avg(p.pm25) AS avg_pm25
RETURN station_type, round(avg_pm25, 2) AS avg_pm25
ORDER BY avg_pm25 DESC",1.0,0.0,0.0,0.0,0.0,0,0,23.773,execution_failure,Timeout: exceeded 30s,1,1
q175,comparative,medium,1,JP06,"MATCH (p:ObservedPM25)-[:RECORDED_BY]->(s:Station)-[:LOCATED_AT]->(l:Location)
WHERE l.prefecture_en = 'Kumamoto Prefecture'
  AND p.pm25 >= 0 AND p.pm25 <= 500
  AND p.tid CONTAINS '2021'
RETURN s.stationtype_en AS station_type,
       round(avg(p.pm25), 2) AS avg_pm25,
       count(p) AS readings
ORDER BY avg_pm25 DESC
However, the `tid` property in the `ObservationTime` node should be used for filtering by year. Since the `tid` is not directly shown to contain the year in the schema, we need to ensure that we are correctly filtering by the `year` property of the `ObservationTime` node.",0.0,0.0,0.0,0.0,0.0,0,0,20.089,execution_failure,"SyntaxError: {neo4j_code: Neo.ClientError.Statement.SyntaxError} {message: Invalid input 'However': expected ',', 'ORDER",1,1
q176,comparative,medium,1,JP06,"MATCH (p:ObservedPM25)-[:RECORDED_BY]->(s:Station)-[:LOCATED_AT]->(l:Location)
WHERE l.prefecture_en = 'Toyama Prefecture'
  AND p.pm25 >= 0 AND p.pm25 <= 500
  AND p.tid CONTAINS '2023'
RETURN s.stationtype_en AS station_type,
       round(avg(p.pm25), 2) AS avg_pm25,
       count(p) AS readings
ORDER BY avg_pm25 DESC
However, the `tid` property in the `ObservationTime` node should be used more precisely to filter by year. Assuming that `tid` contains a timestamp or a string that includes the year, you might need to adjust the query based on how `tid` is structured. If `tid` is a numeric ID and not directly containing the year, you would need to match against the `ObservationTime` node explicitly:

MATCH (p:ObservedPM25)-[:RECORDED_BY]->(s:Station)-[:LOCATED_AT]->(l:Location),
      (p)-[:OBSERVED_AT]->(t:ObservationTime)
WHERE l.prefecture_en = 'Toyama Prefecture'
  AND p.pm25 >= 0 AND p.pm25 <= 500
  AND t.year = 2023
RETURN s.stationtype_en AS station_type,
       round(avg(p.pm25), 2) AS avg_pm25,
       count(p) AS readings
ORDER BY avg_pm25 DESC",0.0,0.0,0.0,0.0,0.0,0,0,19.472,execution_failure,"SyntaxError: {neo4j_code: Neo.ClientError.Statement.SyntaxError} {message: Invalid input 'However': expected ',', 'ORDER",1,1
q177,comparative,medium,1,JP06,"MATCH (p:ObservedPM25)-[:RECORDED_BY]->(s:Station)-[:LOCATED_AT]->(l:Location)
WHERE l.prefecture_en = 'Saga Prefecture'
  AND p.pm25 >= 0 AND p.pm25 <= 500
  AND p.tid CONTAINS '2020'  // Assuming tid contains the year information in a format like 'YYYYMMDDHH'
WITH s.stationtype_en AS station_type, avg(p.pm25) AS avg_pm25
RETURN station_type, round(avg_pm25, 2) AS avg_pm25
ORDER BY avg_pm25 DESC",1.0,0.0,0.0,0.0,0.0,0,0,20.916,execution_failure,Timeout: exceeded 30s,1,1
q178,comparative,medium,1,JP06,"MATCH (p:ObservedPM25)-[:RECORDED_BY]->(s:Station)-[:LOCATED_AT]->(l:Location)
WHERE l.prefecture_en = 'Shiga Prefecture'
  AND p.pm25 >= 0 AND p.pm25 <= 500
  AND p.tid CONTAINS '2025' // Assuming tid contains the year information in a format like '2025-xx-xx'
RETURN s.stationtype_en AS station_type,
       round(avg(p.pm25), 2) AS avg_pm25,
       count(p) AS readings
ORDER BY avg_pm25 DESC
However, since `tid` is typically an identifier and might not directly contain the year in a string format, you should filter by `t.year` if available:

MATCH (p:ObservedPM25)-[:RECORDED_BY]->(s:Station)-[:LOCATED_AT]->(l:Location)
WHERE l.prefecture_en = 'Shiga Prefecture'
  AND p.pm25 >= 0 AND p.pm25 <= 500
  AND t.year = 2025
RETURN s.stationtype_en AS station_type,
       round(avg(p.pm25), 2) AS avg_pm25,
       count(p) AS readings
ORDER BY avg_pm25 DESC",0.0,0.0,0.0,0.0,0.0,0,0,21.595,execution_failure,"SyntaxError: {neo4j_code: Neo.ClientError.Statement.SyntaxError} {message: Invalid input 'However': expected ',', 'ORDER",1,1
q179,comparative,complex,1,JP06,"MATCH (p:ObservedPM25)-[:RECORDED_BY]->(s:Station)-[:LOCATED_AT]->(l:Location)
WHERE l.prefecture_en = 'Yamagata Prefecture'
  AND p.pm25 >= 0 AND p.pm25 <= 500
  AND p.tid CONTAINS '2021'
WITH s.stationname_en AS station,
     round(avg(p.pm25), 2) AS avg_pm25,
     count(p) AS readings
ORDER BY avg_pm25 DESC
RETURN station, avg_pm25, readings
LIMIT 10",1.0,0.0,0.0,0.0,0.0,0,0,23.302,execution_failure,Timeout: exceeded 30s,1,1
q180,comparative,medium,1,JP06,"MATCH (p:ObservedPM25)-[:RECORDED_BY]->(s:Station)-[:LOCATED_AT]->(l:Location)
WHERE l.prefecture_en = 'Akita Prefecture'
  AND p.pm25 >= 0 AND p.pm25 <= 500
  AND p.tid CONTAINS '2019'
WITH s.stationtype_en AS station_type, avg(p.pm25) AS avg_pm25
RETURN station_type, round(avg_pm25, 2) AS avg_pm25
ORDER BY avg_pm25 DESC",1.0,0.0,0.0,0.0,0.0,0,0,23.391,execution_failure,Timeout: exceeded 30s,1,1
q181,comparative,complex,1,JP27,"MATCH (p:ObservedPM25)-[:RECORDED_BY]->(s:Station)-[:LOCATED_AT]->(l:Location)
WHERE l.prefecture_en = 'Tottori Prefecture'
  AND p.pm25 >= 0 AND p.pm25 <= 500
  AND p.tid CONTAINS '2022'
WITH s.stationname_en AS station,
     s.stationtype_en AS type,
     avg(p.pm25) AS avg_pm25
ORDER BY avg_pm25 DESC
RETURN station, type, round(avg_pm25, 2) AS avg_pm25
LIMIT 10",1.0,0.0,0.0,0.0,0.0,0,0,25.28,execution_failure,Timeout: exceeded 30s,1,1
q184,comparative,complex,1,JP02,"MATCH (p:ObservedPM25)-[:RECORDED_BY]->(s:Station)-[:LOCATED_AT]->(l:Location)
WHERE l.prefecture_en = 'Shiga Prefecture'
  AND p.pm25 >= 0 AND p.pm25 <= 500
  AND p.observed_at.year = 2018
WITH s.stationname_en AS station, round(avg(p.pm25), 2) AS avg_pm25
ORDER BY avg_pm25 DESC
RETURN station, avg_pm25
LIMIT 10",1.0,1.0,0.0,0.0,0.0,0,0,21.53,executed,,1,1
q185,comparative,complex,1,JP27,"MATCH (p:ObservedPM25)-[:RECORDED_BY]->(s:Station)-[:LOCATED_AT]->(l:Location)
WHERE l.prefecture_en = 'Hiroshima Prefecture'
  AND p.pm25 >= 0 AND p.pm25 <= 500
  AND p.tid IN (SELECT tid FROM ObservationTime WHERE year = 2022)
WITH s.stationname_en AS station,
     s.stationtype_en AS type,
     avg(p.pm25) AS avg_pm25
ORDER BY avg_pm25 DESC
RETURN station, type, round(avg_pm25, 2) AS avg_pm25
LIMIT 10
However, the above query assumes that you can directly filter `p.tid` using a subquery on `ObservationTime`, which is not directly supported in Cypher. Instead, you should join with the `ObservationTime` node to apply the year filter. Here's the corrected query:

MATCH (p:ObservedPM25)-[:RECORDED_BY]->(s:Station)-[:LOCATED_AT]->(l:Location),
      (p)-[:OBSERVED_AT]->(t:ObservationTime)
WHERE l.prefecture_en = 'Hiroshima Prefecture'
  AND p.pm25 >= 0 AND p.pm25 <= 500
  AND t.year = 2022
WITH s.stationname_en AS station,
     s.stationtype_en AS type,
     avg(p.pm25) AS avg_pm25
ORDER BY avg_pm25 DESC
RETURN station, type, round(avg_pm25, 2) AS avg_pm25
LIMIT 10",0.0,0.0,0.0,0.0,0.0,0,0,21.19,execution_failure,SyntaxError: {neo4j_code: Neo.ClientError.Statement.SyntaxError} {message: Invalid input 'tid': expected an expression (,1,1
q186,comparative,complex,1,JP06,"MATCH (p:ObservedPM25)-[:RECORDED_BY]->(s:Station)-[:LOCATED_AT]->(l:Location)
WHERE l.prefecture_en = 'Saitama Prefecture'
  AND p.pm25 >= 0 AND p.pm25 <= 500
  AND p.tid CONTAINS '2018'
WITH s.stationname_en AS station, round(avg(p.pm25), 2) AS avg_pm25
ORDER BY avg_pm25 DESC
RETURN station, avg_pm25
However, the `tid` property in the `ObservationTime` node should be used more precisely to filter by year. Assuming that `tid` is a string that includes the date, you can refine the query as follows:

MATCH (p:ObservedPM25)-[:RECORDED_BY]->(s:Station)-[:LOCATED_AT]->(l:Location)
WHERE l.prefecture_en = 'Saitama Prefecture'
  AND p.pm25 >= 0 AND p.pm25 <= 500
  AND p.tid STARTS WITH '2018'
WITH s.stationname_en AS station, round(avg(p.pm25), 2) AS avg_pm25
ORDER BY avg_pm25 DESC
RETURN station, avg_pm25
Alternatively, if `tid` is not directly usable for filtering by year and you have the `year` property in the `ObservationTime` node, it would be more accurate to use:

MATCH (p:ObservedPM25)-[:RECORDED_BY]->(s:Station)-[:LOCATED_AT]->(l:Location),
      (p)-[:OBSERVED_AT]->(t:ObservationTime)
WHERE l.prefecture_en = 'Saitama Prefecture'
  AND p.pm25 >= 0 AND p.pm25 <= 500
  AND t.year = 2018
WITH s.stationname_en AS station, round(avg(p.pm25), 2) AS avg_pm25
ORDER BY avg_pm25 DESC
RETURN station, avg_pm25",0.0,0.0,0.0,0.0,0.0,0,0,24.002,execution_failure,SyntaxError: {neo4j_code: Neo.ClientError.Statement.SyntaxError} {message: Invalid input 'However': expected an expressi,1,1
q188,comparative,complex,1,JP06,"MATCH (p:ObservedPM25)-[:RECORDED_BY]->(s:Station)-[:LOCATED_AT]->(l:Location)
WHERE l.prefecture_en = 'Shizuoka Prefecture'
  AND p.pm25 >= 0 AND p.pm25 <= 500
  AND p.tid CONTAINS '2022'
WITH s.stationname_en AS station,
     round(avg(p.pm25), 2) AS avg_pm25,
     count(p) AS readings
ORDER BY avg_pm25 DESC
RETURN station, avg_pm25, readings
LIMIT 10",1.0,0.0,0.0,0.0,0.0,0,0,23.369,execution_failure,Timeout: exceeded 30s,1,1
q189,comparative,complex,1,JP05,"MATCH (p:ObservedPM25)-[:RECORDED_BY]->(s:Station)-[:LOCATED_AT]->(l:Location)
WHERE l.prefecture_en = 'Gifu Prefecture'
  AND p.pm25 >= 0 AND p.pm25 <= 500
  AND p.tid CONTAINS '2020'
WITH s.stationname_en AS station, round(avg(p.pm25), 2) AS avg_pm25
ORDER BY avg_pm25 DESC
RETURN station, avg_pm25
LIMIT 10",1.0,0.0,0.0,0.0,0.0,0,0,23.322,execution_failure,Timeout: exceeded 30s,1,1
q191,comparative,medium,1,JP06,"MATCH (p:ObservedPM25)-[:RECORDED_BY]->(s:Station)-[:LOCATED_AT]->(l:Location)
      -[:AT_LOCATION]-(t:ObservationTime)
WHERE l.prefecture_en = 'Saga Prefecture'
  AND t.year = 2023
  AND p.pm25 >= 0 AND p.pm25 <= 500
RETURN s.stationtype_en AS station_type,
       round(avg(p.pm25), 2) AS avg_pm25,
       count(p) AS readings
ORDER BY avg_pm25 DESC",1.0,0.0,0.0,0.0,0.0,0,0,15.895,execution_failure,Timeout: exceeded 30s,1,1
q192,comparative,medium,1,JP06,"MATCH (p:ObservedPM25)-[:RECORDED_BY]->(s:Station)-[:LOCATED_AT]->(l:Location)
WHERE l.prefecture_en = 'Chiba Prefecture'
  AND p.pm25 >= 0 AND p.pm25 <= 500
  AND p.tid CONTAINS '2018'
WITH s.stationtype_en AS station_type, avg(p.pm25) AS avg_pm25
RETURN station_type, round(avg_pm25, 2) AS avg_pm25
ORDER BY avg_pm25 DESC
However, the `tid` property in the `ObservationTime` node is more appropriate for filtering by year. We should adjust the query to use the `year` property from the `ObservationTime` node:",0.0,0.0,0.0,0.0,0.0,0,0,19.195,execution_failure,"SyntaxError: {neo4j_code: Neo.ClientError.Statement.SyntaxError} {message: Invalid input 'However': expected ',', 'ORDER",1,1
q194,comparative,medium,1,JP06,"MATCH (p:ObservedPM25)-[:RECORDED_BY]->(s:Station)-[:LOCATED_AT]->(l:Location)
WHERE l.prefecture_en = 'Toyama Prefecture'
  AND p.pm25 >= 0 AND p.pm25 <= 500
  AND p.tid CONTAINS '2020'  // Assuming tid contains the year information in a format like 'YYYYMMDDHH'
WITH s.stationtype_en AS station_type, avg(p.pm25) AS avg_pm25
RETURN station_type, round(avg_pm25, 2) AS avg_pm25
ORDER BY avg_pm25 DESC",1.0,0.0,0.0,0.0,0.0,0,0,20.979,execution_failure,Timeout: exceeded 30s,1,1
q195,comparative,medium,1,JP06,"MATCH (p:ObservedPM25)-[:RECORDED_BY]->(s:Station)-[:LOCATED_AT]->(l:Location)
WHERE l.prefecture_en = 'Miyagi Prefecture'
  AND p.pm25 >= 0 AND p.pm25 <= 500
  AND p.tid CONTAINS '2024' // Assuming tid contains the year information in a format like 'YYYYMMDDHH'
WITH s.stationtype_en AS station_type, avg(p.pm25) AS avg_pm25
RETURN station_type, round(avg_pm25, 2) AS avg_pm25
ORDER BY avg_pm25 DESC
However, the `tid` property in your schema is not explicitly defined to contain year information directly. If `tid` does not contain the year information, you should use the `year` property from the `ObservationTime` node instead:

MATCH (p:ObservedPM25)-[:RECORDED_BY]->(s:Station)-[:LOCATED_AT]->(l:Location),
      (p)-[:OBSERVED_AT]->(t:ObservationTime)
WHERE l.prefecture_en = 'Miyagi Prefecture'
  AND p.pm25 >= 0 AND p.pm25 <= 500
  AND t.year = 2024
WITH s.stationtype_en AS station_type, avg(p.pm25) AS avg_pm25
RETURN station_type, round(avg_pm25, 2) AS avg_pm25
ORDER BY avg_pm25 DESC",0.0,0.0,0.0,0.0,0.0,0,0,31.977,execution_failure,"SyntaxError: {neo4j_code: Neo.ClientError.Statement.SyntaxError} {message: Invalid input 'However': expected ',', 'ORDER",1,1
q196,comparative,complex,1,JP27,"MATCH (p:ObservedPM25)-[:RECORDED_BY]->(s:Station)-[:LOCATED_AT]->(l:Location)
WHERE l.prefecture_en = 'Nagasaki Prefecture'
  AND p.pm25 >= 0 AND p.pm25 <= 500
  AND p.tid CONTAINS '2025'  // Assuming tid contains the year information in a format like 'YYYYMMDDHH'
WITH s.stationname_en AS station,
     s.stationtype_en AS type,
     avg(p.pm25) AS avg_pm25
ORDER BY avg_pm25 DESC
RETURN station, type, round(avg_pm25, 2) AS avg_pm25
LIMIT 10",1.0,0.0,0.0,0.0,0.0,0,0,39.184,execution_failure,Timeout: exceeded 30s,1,1
q197,comparative,medium,1,JP06,"MATCH (p:ObservedPM25)-[:RECORDED_BY]->(s:Station)-[:LOCATED_AT]->(l:Location)
WHERE l.prefecture_en = 'Yamagata Prefecture'
  AND p.pm25 >= 0 AND p.pm25 <= 500
  AND p.tid CONTAINS '2024' // Assuming tid contains the year information in a format like 'YYYYMMDDHH'
WITH s.stationtype_en AS station_type, avg(p.pm25) AS avg_pm25
RETURN station_type, round(avg_pm25, 2) AS avg_pm25
ORDER BY avg_pm25 DESC
However, the `tid` property in your schema is not explicitly defined to contain year information directly. If `tid` does not contain the year information, you should use the `year` property from the `ObservationTime` node instead:

MATCH (p:ObservedPM25)-[:RECORDED_BY]->(s:Station)-[:LOCATED_AT]->(l:Location),
      (p)-[:OBSERVED_AT]->(t:ObservationTime)
WHERE l.prefecture_en = 'Yamagata Prefecture'
  AND p.pm25 >= 0 AND p.pm25 <= 500
  AND t.year = 2024
WITH s.stationtype_en AS station_type, avg(p.pm25) AS avg_pm25
RETURN station_type, round(avg_pm25, 2) AS avg_pm25
ORDER BY avg_pm25 DESC",0.0,0.0,0.0,0.0,0.0,0,0,22.439,execution_failure,"SyntaxError: {neo4j_code: Neo.ClientError.Statement.SyntaxError} {message: Invalid input 'However': expected ',', 'ORDER",1,1
q198,comparative,medium,1,JP06,"MATCH (p:ObservedPM25)-[:RECORDED_BY]->(s:Station)-[:LOCATED_AT]->(l:Location)
WHERE l.prefecture_en = 'Okinawa Prefecture'
  AND p.pm25 >= 0 AND p.pm25 <= 500
  AND p.tid CONTAINS '2024'  // Assuming tid contains the year information in a format like 'YYYYMMDDHH'
WITH s.stationtype_en AS station_type, avg(p.pm25) AS avg_pm25
RETURN station_type, round(avg_pm25, 2) AS avg_pm25
ORDER BY avg_pm25 DESC",1.0,0.0,0.0,0.0,0.0,0,0,22.502,execution_failure,Timeout: exceeded 30s,1,1
q001,station_filtering,simple,3,JP28|JP06|JP05,"MATCH (s:Station)-[:LOCATED_AT]->(l:Location)
WHERE l.prefecture_en = 'Yamaguchi Prefecture' AND s.stationtype_en = 'General Station'
RETURN s.stationname_en AS station_name, s.stationtype_en AS station_type",1.0,1.0,0.0,0.6667,0.6667,0,0,15.907,executed,,0,1
q002,station_filtering,complex,3,JP01|JP05|JP04,"MATCH (p:ObservedPM25)-[:RECORDED_BY]->(s:Station)-[:LOCATED_AT]->(l:Location)
WHERE l.prefecture_en = 'Tottori Prefecture'
  AND p.pm25_level IN ['Unhealthy', 'Very Unhealthy', 'Slightly Unhealthy']
  AND (p:ObservedPM25)-[:OBSERVED_AT]->(t:ObservationTime {season: 'Winter'})
WITH s.stationname_en AS station, s.stationtype_en AS type, count(DISTINCT p) AS unhealthy_count
ORDER BY unhealthy_count DESC
RETURN station, type, unhealthy_count",0.0,0.0,0.0,0.0,0.0,0,0,21.302,execution_failure,SyntaxError: {neo4j_code: Neo.ClientError.Statement.SyntaxError} {message: PatternExpressions are not allowed to introdu,0,1
q003,station_filtering,complex,3,JP01|JP22|JP04,"MATCH (p:ObservedPM25)-[:RECORDED_BY]->(s:Station)-[:LOCATED_AT]->(l:Location),
      (p)-[:OBSERVED_AT]->(t:ObservationTime)
WHERE l.prefecture_en = 'Wakayama Prefecture'
  AND t.season = 'Autumn'
  AND p.pm25_level IN ['Unhealthy', 'Very Unhealthy', 'Slightly Unhealthy']
WITH s.stationname_en AS station, s.stationtype_en AS type, count(DISTINCT p) AS unhealthy_count
ORDER BY unhealthy_count DESC
RETURN station, type, unhealthy_count",1.0,1.0,0.0,0.8,0.8,0,0,19.363,executed,,0,1
q006,station_filtering,simple,3,JP28|JP13|JP06,"MATCH (s:Station)-[:LOCATED_AT]->(l:Location)
WHERE l.prefecture_en = 'Akita Prefecture' AND s.stationtype_en = 'General Station'
RETURN s.stationname_en AS station_name,
       s.stationtype_en AS station_type,
       l.city_en AS city,
       l.street_en AS street",1.0,1.0,0.0,0.4,0.4,0,0,8.177,executed,,0,1
q007,station_filtering,complex,3,JP01|JP04|JP06,"MATCH (p:ObservedPM25)-[:RECORDED_BY]->(s:Station)-[:LOCATED_AT]->(l:Location)
WHERE l.prefecture_en = 'Ibaraki Prefecture'
  AND p.pm25_level IN ['Unhealthy', 'Very Unhealthy', 'Slightly Unhealthy']
  AND (p:ObservedPM25)-[:OBSERVED_AT]->(t:ObservationTime {season: 'Autumn'})
WITH s.stationname_en AS station, s.stationtype_en AS type, count(DISTINCT p) AS unhealthy_count
ORDER BY unhealthy_count DESC
RETURN station, type, unhealthy_count",0.0,0.0,0.0,0.0,0.0,0,0,20.311,execution_failure,SyntaxError: {neo4j_code: Neo.ClientError.Statement.SyntaxError} {message: PatternExpressions are not allowed to introdu,0,1
q008,station_filtering,complex,3,JP01|JP27|JP04,"MATCH (p:ObservedPM25)-[:RECORDED_BY]->(s:Station)-[:LOCATED_AT]->(l:Location)
-[:AT_LOCATION]-(t:ObservationTime)
WHERE l.prefecture_en = 'Fukushima Prefecture'
  AND t.season = 'Autumn'
  AND p.pm25_level IN ['Unhealthy', 'Very Unhealthy', 'Slightly Unhealthy']
RETURN s.stationname_en AS station, s.stationtype_en AS type, count(p) AS unhealthy_count
ORDER BY unhealthy_count DESC",1.0,1.0,0.0,0.3265,0.3265,0,0,12.842,executed,,0,1
q009,station_filtering,medium,3,JP01|JP19|JP28,"MATCH (p:ObservedPM25)-[:RECORDED_BY]->(s:Station)-[:LOCATED_AT]->(l:Location)
WHERE l.prefecture_en = 'Tokushima Prefecture'
  AND p.pm25_level IN ['Unhealthy', 'Very Unhealthy']
WITH s.stationname_en AS station, count(p) AS unhealthy_count
ORDER BY unhealthy_count DESC
RETURN station, unhealthy_count",1.0,1.0,0.0,0.5,0.5,0,0,12.849,executed,,0,1
q013,station_filtering,medium,3,JP01|JP19|JP06,"MATCH (p:ObservedPM25)-[:RECORDED_BY]->(s:Station)-[:LOCATED_AT]->(l:Location)
WHERE l.prefecture_en = 'Hokkaido Prefecture'
  AND p.pm25_level IN ['Unhealthy', 'Very Unhealthy']
WITH s.stationname_en AS station, count(p) AS unhealthy_count
ORDER BY unhealthy_count DESC
RETURN station, unhealthy_count",1.0,1.0,0.0,0.4167,0.4167,0,0,12.874,executed,,0,1
q014,station_filtering,complex,3,JP01|JP04|JP06,"MATCH (p:ObservedPM25)-[:RECORDED_BY]->(s:Station)-[:LOCATED_AT]->(l:Location)
WHERE l.prefecture_en = 'Hokkaido Prefecture'
  AND p.pm25_level IN ['Unhealthy', 'Very Unhealthy', 'Slightly Unhealthy']
  AND (p:ObservedPM25)-[:OBSERVED_AT]->(t:ObservationTime {season: 'Autumn'})
WITH s.stationname_en AS station, s.stationtype_en AS type, count(DISTINCT p) AS unhealthy_count
ORDER BY unhealthy_count DESC
RETURN station, type, unhealthy_count",0.0,0.0,0.0,0.0,0.0,0,0,23.119,execution_failure,SyntaxError: {neo4j_code: Neo.ClientError.Statement.SyntaxError} {message: PatternExpressions are not allowed to introdu,0,1
q015,station_filtering,complex,3,JP19|JP07|JP01,"MATCH (p:ObservedPM25)-[:RECORDED_BY]->(s:Station)-[:LOCATED_AT]->(l:Location),
      (p)-[:OBSERVED_AT]->(t:ObservationTime)
WHERE l.prefecture_en = 'Fukuoka Prefecture'
  AND t.season = 'Summer'
  AND p.pm25_level IN ['Unhealthy', 'Very Unhealthy']
WITH s.stationname_en AS station,
     t.obsdate AS datetime,
     p.pm25 AS pm25,
     p.pm25_level AS level
ORDER BY station, datetime
RETURN DISTINCT station, pm25, level",1.0,1.0,0.0,0.0156,0.0156,0,0,24.046,executed,,0,1
q016,station_filtering,complex,3,JP01|JP04|JP05,"MATCH (p:ObservedPM25)-[:RECORDED_BY]->(s:Station)-[:LOCATED_AT]->(l:Location)
      -[:AT_LOCATION]-(t:ObservationTime)
WHERE l.prefecture_en = 'Miyagi Prefecture'
  AND t.season = 'Autumn'
  AND p.pm25_level IN ['Unhealthy', 'Very Unhealthy', 'Slightly Unhealthy']
WITH s.stationname_en AS station, s.stationtype_en AS type, count(p) AS unhealthy_count
ORDER BY unhealthy_count DESC
RETURN station, type, unhealthy_count",1.0,1.0,0.0,0.2677,0.2677,0,0,14.0,executed,,0,1
q017,station_filtering,simple,3,JP28|JP06|JP27,"MATCH (s:Station)-[:LOCATED_AT]->(l:Location)
WHERE l.prefecture_en = 'Chiba Prefecture' AND s.stationtype_en = 'General Station'
RETURN s.stationname_en AS station_name,
       s.stationtype_en AS station_type,
       l.city_en AS city,
       l.street_en AS street
ORDER BY station_name",1.0,1.0,0.0,0.3817,0.3817,0,0,8.376,executed,,0,1
q018,station_filtering,medium,3,JP01|JP19|JP16,"MATCH (p:ObservedPM25)-[:RECORDED_BY]->(s:Station)-[:LOCATED_AT]->(l:Location)
WHERE l.prefecture_en = 'Ishikawa Prefecture'
  AND p.pm25_level IN ['Unhealthy', 'Very Unhealthy']
WITH s.stationname_en AS station, count(p) AS unhealthy_count
ORDER BY unhealthy_count DESC
RETURN station, unhealthy_count",1.0,1.0,0.0,0.4839,0.4839,0,0,13.282,executed,,0,1
q019,station_filtering,simple,3,JP28|JP07|JP27,"MATCH (s:Station)-[:LOCATED_AT]->(l:Location)
WHERE l.prefecture_en = 'Toyama Prefecture'
RETURN count(s) AS station_count",1.0,1.0,0.0,1.0,1.0,1,1,6.513,executed,,0,1
q020,station_filtering,complex,3,JP01|JP27|JP19,"MATCH (p:ObservedPM25)-[:RECORDED_BY]->(s:Station)-[:LOCATED_AT]->(l:Location),
      (p)-[:OBSERVED_AT]->(t:ObservationTime)
WHERE l.prefecture_en = 'Fukushima Prefecture'
  AND t.season = 'Summer'
  AND p.pm25_level IN ['Unhealthy', 'Very Unhealthy']
WITH s.stationname_en AS station,
     s.stationtype_en AS type,
     count(p) AS unhealthy_count
ORDER BY unhealthy_count DESC
RETURN station, type, unhealthy_count",1.0,1.0,0.0,0.3673,0.3673,0,0,15.752,executed,,0,1
q021,station_filtering,simple,3,JP06|JP28|JP02,"MATCH (s:Station)-[:LOCATED_AT]->(l:Location)
WHERE l.prefecture_en = 'Tochigi Prefecture'
  AND s.stationtype_en = 'Roadside Station'
RETURN s.sid AS station_id,
       s.stationname_en AS station_name,
       s.stationtype_en AS station_type",1.0,1.0,0.0,0.5,0.5,0,0,8.393,executed,,0,1
q022,station_filtering,complex,3,JP01|JP05|JP27,"MATCH (p:ObservedPM25)-[:RECORDED_BY]->(s:Station)-[:LOCATED_AT]->(l:Location)
-[:AT_LOCATION]-(t:ObservationTime)
WHERE l.prefecture_en = 'Mie Prefecture'
  AND t.season = 'Summer'
  AND p.pm25_level IN ['Unhealthy', 'Very Unhealthy']
WITH s.stationname_en AS station, s.stationtype_en AS type, count(p) AS unhealthy_count
ORDER BY unhealthy_count DESC
RETURN station, type, unhealthy_count",1.0,1.0,0.0,0.3478,0.3478,0,0,21.547,executed,,0,1
q023,station_filtering,complex,3,JP01|JP27|JP19,"MATCH (p:ObservedPM25)-[:RECORDED_BY]->(s:Station)-[:LOCATED_AT]->(l:Location),
      (p)-[:OBSERVED_AT]->(t:ObservationTime)
WHERE l.prefecture_en = 'Tokushima Prefecture'
  AND t.season = 'Spring'
  AND p.pm25_level IN ['Unhealthy', 'Very Unhealthy']
RETURN s.stationname_en AS station,
       s.stationtype_en AS type,
       count(p) AS unhealthy_count
ORDER BY unhealthy_count DESC",1.0,1.0,0.0,0.4,0.4,0,0,15.895,executed,,0,1
q024,station_filtering,complex,3,JP01|JP19|JP27,"MATCH (p:ObservedPM25)-[:RECORDED_BY]->(s:Station)-[:LOCATED_AT]->(l:Location),
      (p)-[:OBSERVED_AT]->(t:ObservationTime)
WHERE l.prefecture_en = 'Tokushima Prefecture'
  AND t.season = 'Autumn'
  AND p.pm25_level IN ['Unhealthy', 'Very Unhealthy']
WITH s.stationname_en AS station,
     s.stationtype_en AS type,
     count(p) AS unhealthy_count
ORDER BY unhealthy_count DESC
RETURN station, type, unhealthy_count",1.0,1.0,0.0,0.5,0.5,0,0,15.155,executed,,0,1
q027,station_filtering,complex,3,JP01|JP04|JP22,"MATCH (p:ObservedPM25)-[:RECORDED_BY]->(s:Station)-[:LOCATED_AT]->(l:Location),
      (p)-[:OBSERVED_AT]->(t:ObservationTime)
WHERE l.prefecture_en = 'Nagano Prefecture'
  AND t.season = 'Spring'
  AND p.pm25_level IN ['Unhealthy', 'Very Unhealthy', 'Slightly Unhealthy']
WITH s.stationname_en AS station, s.stationtype_en AS type, count(DISTINCT p) AS unhealthy_count
ORDER BY unhealthy_count DESC
RETURN station, type, unhealthy_count",1.0,1.0,0.0,0.8,0.8,0,0,19.215,executed,,0,1
q028,station_filtering,simple,3,JP28|JP07|JP13,"MATCH (s:Station)-[:LOCATED_AT]->(l:Location)
WHERE l.prefecture_en = 'Okayama Prefecture' AND s.stationtype_en = 'General Station'
RETURN s.stationname_en AS station,
       s.stationtype_en AS type,
       l.city_en AS city,
       l.lat AS lat,
       l.lon AS lon
ORDER BY s.stationname_en",1.0,1.0,0.0,0.3333,0.3333,0,0,9.133,executed,,0,1
q029,station_filtering,complex,3,JP01|JP04|JP05,"MATCH (p:ObservedPM25)-[:RECORDED_BY]->(s:Station)-[:LOCATED_AT]->(l:Location)
      -[:AT_LOCATION]-(t:ObservationTime)
WHERE l.prefecture_en = 'Tochigi Prefecture'
  AND t.season = 'Autumn'
  AND p.pm25_level IN ['Unhealthy', 'Very Unhealthy', 'Slightly Unhealthy']
WITH s.stationname_en AS station, s.stationtype_en AS type, count(p) AS unhealthy_count
ORDER BY unhealthy_count DESC
RETURN station, type, unhealthy_count",1.0,1.0,0.0,0.381,0.381,0,0,14.139,executed,,0,1
q030,station_filtering,medium,3,JP01|JP16|JP19,"MATCH (p:ObservedPM25)-[:RECORDED_BY]->(s:Station)-[:LOCATED_AT]->(l:Location)
WHERE l.prefecture_en = 'Mie Prefecture'
  AND p.pm25_level IN ['Unhealthy', 'Very Unhealthy']
WITH s.stationname_en AS station, count(p) AS unhealthy_count
ORDER BY unhealthy_count DESC
RETURN station, unhealthy_count",1.0,1.0,0.0,0.4444,0.4444,0,0,12.788,executed,,0,1
q032,station_filtering,simple,3,JP06|JP07|JP28,"MATCH (s:Station)-[:LOCATED_AT]->(l:Location)
WHERE l.prefecture_en = 'Hiroshima Prefecture' AND s.stationtype_en = 'Roadside Station'
RETURN s.stationname_en AS station,
       s.stationtype_en AS type,
       l.city_en AS city,
       l.lat AS lat,
       l.lon AS lon
ORDER BY s.stationname_en",1.0,1.0,0.0,0.3333,0.3333,0,0,8.872,executed,,0,1
q034,station_filtering,complex,3,JP01|JP04|JP22,"MATCH (p:ObservedPM25)-[:RECORDED_BY]->(s:Station)-[:LOCATED_AT]->(l:Location),
      (p)-[:OBSERVED_AT]->(t:ObservationTime)
WHERE l.prefecture_en = 'Fukui Prefecture'
  AND p.pm25_level IN ['Unhealthy', 'Very Unhealthy']
  AND t.season = 'Spring'
RETURN s.stationname_en AS station, count(DISTINCT p) AS unhealthy_count
ORDER BY unhealthy_count DESC",1.0,1.0,0.0,0.5,0.5,0,0,16.121,executed,,0,1
q035,station_filtering,complex,3,JP01|JP05|JP04,"MATCH (p:ObservedPM25)-[:RECORDED_BY]->(s:Station)-[:LOCATED_AT]->(l:Location)
WHERE l.prefecture_en = 'Miyagi Prefecture'
  AND p.pm25_level IN ['Unhealthy', 'Very Unhealthy', 'Slightly Unhealthy']
  AND (p:ObservedPM25)-[:OBSERVED_AT]->(t:ObservationTime {season: 'Winter'})
WITH s.stationname_en AS station, s.stationtype_en AS type, count(DISTINCT p) AS unhealthy_count
ORDER BY unhealthy_count DESC
RETURN station, type, unhealthy_count",0.0,0.0,0.0,0.0,0.0,0,0,21.155,execution_failure,SyntaxError: {neo4j_code: Neo.ClientError.Statement.SyntaxError} {message: PatternExpressions are not allowed to introdu,0,1
q036,station_filtering,medium,3,JP01|JP19|JP16,"MATCH (p:ObservedPM25)-[:RECORDED_BY]->(s:Station)-[:LOCATED_AT]->(l:Location)
WHERE l.prefecture_en = 'Nagano Prefecture'
  AND p.pm25_level IN ['Unhealthy', 'Very Unhealthy']
WITH s.stationname_en AS station, count(p) AS unhealthy_count
ORDER BY unhealthy_count DESC
RETURN station, unhealthy_count",1.0,1.0,0.0,0.5,0.5,0,0,13.443,executed,,0,1
q038,station_filtering,complex,3,JP01|JP05|JP04,"MATCH (p:ObservedPM25)-[:RECORDED_BY]->(s:Station)-[:LOCATED_AT]->(l:Location)
      -[:AT_LOCATION]-(t:ObservationTime)
WHERE l.prefecture_en = 'Niigata Prefecture'
  AND t.season = 'Autumn'
  AND p.pm25_level IN ['Unhealthy', 'Very Unhealthy', 'Slightly Unhealthy']
WITH s.stationname_en AS station, s.stationtype_en AS type, count(p) AS unhealthy_count
ORDER BY unhealthy_count DESC
RETURN station, type, unhealthy_count",1.0,1.0,0.0,0.3571,0.3571,0,0,14.011,executed,,0,1
q039,station_filtering,medium,3,JP01|JP16|JP19,"MATCH (p:ObservedPM25)-[:RECORDED_BY]->(s:Station)-[:LOCATED_AT]->(l:Location)
WHERE l.prefecture_en = 'Kochi Prefecture'
  AND p.pm25_level IN ['Unhealthy', 'Very Unhealthy']
WITH s.stationname_en AS station, count(p) AS unhealthy_count
ORDER BY unhealthy_count DESC
RETURN station, unhealthy_count",1.0,1.0,0.0,0.5,0.5,0,0,13.257,executed,,0,1
q040,station_filtering,simple,3,JP28|JP06|JP05,"MATCH (s:Station)-[:LOCATED_AT]->(l:Location)
WHERE l.prefecture_en = 'Hokkaido Prefecture' AND s.stationtype_en = 'General Station'
RETURN s.sid AS station_id,
       s.stationname_en AS station_name,
       s.stationtype_en AS station_type",1.0,1.0,0.0,0.5,0.5,0,0,7.785,executed,,0,1
q043,aggregate,medium,3,JP05|JP14|JP02,"MATCH (p:ObservedPM25)-[:OBSERVED_AT]->(t:ObservationTime)-[:AT_LOCATION]->(l:Location)
WHERE l.prefecture_en = 'Akita Prefecture'
  AND t.season = 'Winter'
  AND t.year = 2024
  AND p.pm25 >= 0 AND p.pm25 <= 500
RETURN round(avg(p.pm25), 2) AS avg_pm25",1.0,1.0,0.0,0.5,0.5,0,0,9.61,executed,,1,1
q044,aggregate,medium,3,JP05|JP14|JP04,"MATCH (p:ObservedPM25)-[:OBSERVED_AT]->(t:ObservationTime)-[:AT_LOCATION]->(l:Location)
WHERE l.prefecture_en = 'Kumamoto Prefecture'
  AND t.season = 'Winter'
  AND t.year = 2022
  AND p.pm25 >= 0 AND p.pm25 <= 500
RETURN round(avg(p.pm25), 2) AS avg_pm25",1.0,1.0,0.0,0.5,0.5,0,0,10.45,executed,,1,1
q045,aggregate,medium,3,JP05|JP14|JP02,"MATCH (p:ObservedPM25)-[:OBSERVED_AT]->(t:ObservationTime)-[:AT_LOCATION]->(l:Location)
WHERE l.prefecture_en = 'Nagasaki Prefecture'
  AND t.year = 2021
  AND t.season = 'Winter'
  AND p.pm25 >= 0 AND p.pm25 <= 500
RETURN round(avg(p.pm25), 2) AS avg_pm25,
       count(p) AS total_readings",1.0,1.0,0.0,0.8,0.8,0,0,10.127,executed,,1,1
q046,aggregate,medium,3,JP02|JP14|JP05,"MATCH (p:ObservedPM25)-[:OBSERVED_AT]->(t:ObservationTime)-[:AT_LOCATION]->(l:Location)
WHERE l.prefecture_en = 'Oita Prefecture'
  AND t.year = 2019
  AND t.season = 'Summer'
  AND p.pm25 >= 0 AND p.pm25 <= 500
RETURN l.prefecture_en AS prefecture,
       round(avg(p.pm25), 2) AS avg_pm25,
       count(p) AS total_readings",1.0,1.0,0.0,0.6667,0.6667,0,0,10.688,executed,,1,1
q047,aggregate,medium,3,JP17|JP16|JP04,"MATCH (p:ObservedPM25)-[:OBSERVED_AT]->(t:ObservationTime)-[:AT_LOCATION]->(l:Location)
WHERE l.prefecture_en = 'Shizuoka Prefecture'
  AND t.year = 2025
  AND p.pm25 >= 0 AND p.pm25 <= 500
WITH p.pm25_level AS level, count(p) AS cnt
ORDER BY level
RETURN level, cnt",1.0,1.0,0.0,0.8182,0.8182,0,0,19.681,executed,,0,1
q048,aggregate,medium,3,JP05|JP02|JP14,"MATCH (p:ObservedPM25)-[:OBSERVED_AT]->(t:ObservationTime)-[:AT_LOCATION]->(l:Location)
WHERE l.prefecture_en = 'Shimane Prefecture'
  AND t.season = 'Winter'
  AND t.year = 2019
  AND p.pm25 >= 0 AND p.pm25 <= 500
RETURN round(avg(p.pm25), 2) AS avg_pm25,
       count(p) AS total_readings",1.0,1.0,0.0,0.8,0.8,0,0,10.951,executed,,1,1
q049,aggregate,medium,3,JP05|JP02|JP14,"MATCH (p:ObservedPM25)-[:OBSERVED_AT]->(t:ObservationTime)-[:AT_LOCATION]->(l:Location)
WHERE l.prefecture_en = 'Ibaraki Prefecture'
  AND t.season = 'Winter'
  AND t.year = 2019
  AND p.pm25 >= 0 AND p.pm25 <= 500
RETURN round(avg(p.pm25), 2) AS avg_pm25,
       count(p) AS total_readings",1.0,1.0,0.0,0.8,0.8,0,0,9.581,executed,,1,1
q050,aggregate,medium,3,JP02|JP05|JP14,"MATCH (p:ObservedPM25)-[:OBSERVED_AT]->(t:ObservationTime)-[:AT_LOCATION]->(l:Location)
WHERE l.prefecture_en = 'Mie Prefecture'
  AND t.season = 'Spring'
  AND t.year = 2025
  AND p.pm25 >= 0 AND p.pm25 <= 500
RETURN l.prefecture_en AS prefecture,
       round(avg(p.pm25), 2) AS avg_pm25,
       count(p) AS total_readings",1.0,1.0,0.0,0.6667,0.6667,0,0,10.876,executed,,1,1
q051,aggregate,medium,3,JP14|JP02|JP17,"MATCH (p:ObservedPM25)-[:OBSERVED_AT]->(t:ObservationTime)-[:AT_LOCATION]->(l:Location)
WHERE l.prefecture_en = 'Nagasaki Prefecture'
  AND t.year = 2023
  AND t.season = 'Spring'
  AND p.pm25 >= 0 AND p.pm25 <= 500
RETURN l.prefecture_en AS prefecture,
       round(avg(p.pm25), 2) AS avg_pm25,
       count(p) AS total_readings",1.0,1.0,0.0,0.6667,0.6667,0,0,10.387,executed,,1,1
q052,aggregate,medium,3,JP05|JP14|JP02,"MATCH (p:ObservedPM25)-[:OBSERVED_AT]->(t:ObservationTime)-[:AT_LOCATION]->(l:Location)
WHERE l.prefecture_en = 'Yamaguchi Prefecture'
  AND t.season = 'Winter'
  AND t.year = 2022
  AND p.pm25 >= 0 AND p.pm25 <= 500
RETURN round(avg(p.pm25), 2) AS avg_pm25",1.0,1.0,0.0,0.5,0.5,0,0,9.886,executed,,1,1
q053,aggregate,medium,3,JP02|JP14|JP04,"MATCH (p:ObservedPM25)-[:OBSERVED_AT]->(t:ObservationTime)-[:AT_LOCATION]->(l:Location)
WHERE l.prefecture_en = 'Shiga Prefecture'
  AND t.year = 2021
  AND t.season = 'Autumn'
  AND p.pm25 >= 0 AND p.pm25 <= 500
RETURN l.prefecture_en AS prefecture,
       round(avg(p.pm25), 2) AS avg_pm25,
       count(p) AS total_readings",1.0,1.0,0.0,0.6667,0.6667,0,0,10.948,executed,,1,1
q055,aggregate,medium,3,JP02|JP05|JP14,"MATCH (p:ObservedPM25)-[:OBSERVED_AT]->(t:ObservationTime)-[:AT_LOCATION]->(l:Location)
WHERE l.prefecture_en = 'Mie Prefecture'
  AND t.year = 2021
  AND t.season = 'Spring'
  AND p.pm25 >= 0 AND p.pm25 <= 500
RETURN l.prefecture_en AS prefecture,
       round(avg(p.pm25), 2) AS avg_pm25,
       count(p) AS total_readings",1.0,1.0,0.0,0.6667,0.6667,0,0,10.752,executed,,1,1
q056,aggregate,medium,3,JP02|JP14|JP04,"MATCH (p:ObservedPM25)-[:OBSERVED_AT]->(t:ObservationTime)-[:AT_LOCATION]->(l:Location)
WHERE l.prefecture_en = 'Saitama Prefecture'
  AND t.year = 2019
  AND t.season = 'Autumn'
  AND p.pm25 >= 0 AND p.pm25 <= 500
RETURN l.prefecture_en AS prefecture,
       round(avg(p.pm25), 2) AS avg_pm25,
       count(p) AS total_readings",1.0,1.0,0.0,0.6667,0.6667,0,0,10.905,executed,,1,1
q057,aggregate,medium,3,JP07|JP14|JP19,"MATCH (p:ObservedPM25)-[:OBSERVED_AT]->(t:ObservationTime)-[:AT_LOCATION]->(l:Location)
WHERE l.prefecture_en = 'Fukuoka Prefecture'
  AND t.year = 2024
  AND t.season = 'Summer'
  AND p.pm25 >= 0 AND p.pm25 <= 500
RETURN round(avg(p.pm25), 2) AS avg_pm25,
       count(p) AS total_readings",1.0,1.0,0.0,0.8,0.8,0,0,10.349,executed,,1,1
q059,aggregate,medium,3,JP14|JP02|JP04,"MATCH (p:ObservedPM25)-[:OBSERVED_AT]->(t:ObservationTime)-[:AT_LOCATION]->(l:Location)
WHERE l.prefecture_en = 'Kyoto Prefecture'
  AND t.year = 2018
  AND t.season = 'Spring'
  AND p.pm25 >= 0 AND p.pm25 <= 500
RETURN l.prefecture_en AS prefecture,
       round(avg(p.pm25), 2) AS avg_pm25,
       count(p) AS total_readings",1.0,1.0,0.0,0.6667,0.6667,0,0,10.425,executed,,1,1
q060,aggregate,medium,3,JP05|JP02|JP14,"MATCH (p:ObservedPM25)-[:OBSERVED_AT]->(t:ObservationTime)-[:AT_LOCATION]->(l:Location)
WHERE l.prefecture_en = 'Oita Prefecture'
  AND t.season = 'Winter'
  AND t.year = 2025
  AND p.pm25 >= 0 AND p.pm25 <= 500
RETURN l.prefecture_en AS prefecture,
       round(avg(p.pm25), 2) AS avg_pm25,
       count(p) AS total_readings",1.0,1.0,0.0,0.6667,0.6667,0,0,10.796,executed,,1,1
q061,aggregate,medium,3,JP14|JP02|JP05,"MATCH (p:ObservedPM25)-[:OBSERVED_AT]->(t:ObservationTime)-[:AT_LOCATION]->(l:Location)
WHERE l.prefecture_en = 'Okinawa Prefecture'
  AND t.year = 2018
  AND t.season = 'Summer'
  AND p.pm25 >= 0 AND p.pm25 <= 500
RETURN l.prefecture_en AS prefecture,
       round(avg(p.pm25), 2) AS avg_pm25,
       count(p) AS total_readings",1.0,1.0,0.0,0.6667,0.6667,0,0,10.858,executed,,1,1
q062,aggregate,medium,3,JP05|JP14|JP02,"MATCH (p:ObservedPM25)-[:OBSERVED_AT]->(t:ObservationTime)-[:AT_LOCATION]->(l:Location)
WHERE l.prefecture_en = 'Osaka Prefecture'
  AND t.season = 'Winter'
  AND t.year = 2023
  AND p.pm25 >= 0 AND p.pm25 <= 500
RETURN round(avg(p.pm25), 2) AS avg_pm25,
       count(p) AS total_readings",1.0,1.0,0.0,0.8,0.8,0,0,10.31,executed,,1,1
q063,aggregate,medium,3,JP02|JP14|JP05,"MATCH (p:ObservedPM25)-[:OBSERVED_AT]->(t:ObservationTime)-[:AT_LOCATION]->(l:Location)
WHERE l.prefecture_en = 'Miyagi Prefecture'
  AND t.year = 2022
  AND t.season = 'Spring'
  AND p.pm25 >= 0 AND p.pm25 <= 500
RETURN l.prefecture_en AS prefecture,
       round(avg(p.pm25), 2) AS avg_pm25,
       count(p) AS total_readings",1.0,1.0,0.0,0.6667,0.6667,0,0,10.841,executed,,1,1
q064,aggregate,medium,3,JP02|JP05|JP14,"MATCH (p:ObservedPM25)-[:OBSERVED_AT]->(t:ObservationTime)-[:AT_LOCATION]->(l:Location)
WHERE l.prefecture_en = 'Miyagi Prefecture'
  AND t.year = 2021
  AND t.season = 'Spring'
  AND p.pm25 >= 0 AND p.pm25 <= 500
RETURN l.prefecture_en AS prefecture,
       round(avg(p.pm25), 2) AS avg_pm25,
       count(p) AS total_readings",1.0,1.0,0.0,0.6667,0.6667,0,0,10.811,executed,,1,1
q065,aggregate,medium,3,JP16|JP17|JP01,"MATCH (p:ObservedPM25)-[:OBSERVED_AT]->(t:ObservationTime)-[:AT_LOCATION]->(l:Location)
WHERE l.prefecture_en = 'Toyama Prefecture'
  AND t.year = 2019
  AND p.pm25 >= 0 AND p.pm25 <= 500
WITH p.pm25_level AS level, count(p) AS cnt
ORDER BY level
RETURN level, cnt",1.0,1.0,0.0,0.9091,0.9091,0,0,14.071,executed,,0,1
q068,aggregate,medium,3,JP02|JP14|JP17,"MATCH (p:ObservedPM25)-[:OBSERVED_AT]->(t:ObservationTime)-[:AT_LOCATION]->(l:Location)
WHERE l.prefecture_en = 'Nagasaki Prefecture'
  AND t.year = 2021
  AND t.season = 'Autumn'
  AND p.pm25 >= 0 AND p.pm25 <= 500
RETURN l.prefecture_en AS prefecture,
       round(avg(p.pm25), 2) AS avg_pm25,
       count(p) AS total_readings",1.0,1.0,0.0,0.6667,0.6667,0,0,10.938,executed,,1,1
q070,aggregate,medium,3,JP02|JP14|JP04,"MATCH (p:ObservedPM25)-[:OBSERVED_AT]->(t:ObservationTime)-[:AT_LOCATION]->(l:Location)
WHERE l.prefecture_en = 'Ibaraki Prefecture'
  AND t.year = 2022
  AND t.season = 'Spring'
  AND p.pm25 >= 0 AND p.pm25 <= 500
RETURN l.prefecture_en AS prefecture,
       round(avg(p.pm25), 2) AS avg_pm25,
       count(p) AS total_readings",1.0,1.0,0.0,0.6667,0.6667,0,0,10.719,executed,,1,1
q071,aggregate,medium,3,JP02|JP05|JP14,"MATCH (p:ObservedPM25)-[:OBSERVED_AT]->(t:ObservationTime)-[:AT_LOCATION]->(l:Location)
WHERE l.prefecture_en = 'Iwate Prefecture'
  AND t.year = 2023
  AND t.season = 'Summer'
  AND p.pm25 >= 0 AND p.pm25 <= 500
RETURN l.prefecture_en AS prefecture,
       round(avg(p.pm25), 2) AS avg_pm25,
       count(p) AS total_readings",1.0,1.0,0.0,0.6667,0.6667,0,0,10.68,executed,,1,1
q073,aggregate,medium,3,JP02|JP14|JP05,"MATCH (p:ObservedPM25)-[:OBSERVED_AT]->(t:ObservationTime)-[:AT_LOCATION]->(l:Location)
WHERE l.prefecture_en = 'Saga Prefecture'
  AND t.year = 2020
  AND t.season = 'Autumn'
  AND p.pm25 >= 0 AND p.pm25 <= 500
RETURN l.prefecture_en AS prefecture,
       round(avg(p.pm25), 2) AS avg_pm25,
       count(p) AS total_readings",1.0,1.0,0.0,0.6667,0.6667,0,0,10.702,executed,,1,1
q074,aggregate,medium,3,JP14|JP02|JP04,"MATCH (p:ObservedPM25)-[:OBSERVED_AT]->(t:ObservationTime)-[:AT_LOCATION]->(l:Location)
WHERE l.prefecture_en = 'Kanagawa Prefecture'
  AND t.year = 2023
  AND t.season = 'Summer'
  AND p.pm25 >= 0 AND p.pm25 <= 500
RETURN l.prefecture_en AS prefecture,
       round(avg(p.pm25), 2) AS avg_pm25,
       count(p) AS total_readings",1.0,1.0,0.0,0.6667,0.6667,0,0,10.906,executed,,1,1
q075,aggregate,medium,3,JP02|JP05|JP14,"MATCH (p:ObservedPM25)-[:OBSERVED_AT]->(t:ObservationTime)-[:AT_LOCATION]->(l:Location)
WHERE l.prefecture_en = 'Aichi Prefecture'
  AND t.year = 2023
  AND t.season = 'Winter'
  AND p.pm25 >= 0 AND p.pm25 <= 500
RETURN l.prefecture_en AS prefecture,
       round(avg(p.pm25), 2) AS avg_pm25,
       count(p) AS total_readings",1.0,1.0,0.0,0.6667,0.6667,0,0,10.917,executed,,1,1
q076,aggregate,medium,3,JP02|JP05|JP14,"MATCH (p:ObservedPM25)-[:OBSERVED_AT]->(t:ObservationTime)-[:AT_LOCATION]->(l:Location)
WHERE l.prefecture_en = 'Okayama Prefecture'
  AND t.year = 2019
  AND t.season = 'Winter'
  AND p.pm25 >= 0 AND p.pm25 <= 500
RETURN l.prefecture_en AS prefecture,
       round(avg(p.pm25), 2) AS avg_pm25,
       count(p) AS total_readings",1.0,1.0,0.0,0.6667,0.6667,0,0,9.707,executed,,1,1
q077,aggregate,medium,3,JP05|JP02|JP14,"MATCH (p:ObservedPM25)-[:OBSERVED_AT]->(t:ObservationTime)-[:AT_LOCATION]->(l:Location)
WHERE l.prefecture_en = 'Miyagi Prefecture'
  AND t.year = 2020
  AND t.season = 'Winter'
  AND p.pm25 >= 0 AND p.pm25 <= 500
RETURN round(avg(p.pm25), 2) AS avg_pm25,
       count(p) AS total_readings",1.0,1.0,0.0,0.8,0.8,0,0,10.349,executed,,1,1
q079,aggregate,medium,3,JP02|JP16|JP17,"MATCH (p:ObservedPM25)-[:OBSERVED_AT]->(t:ObservationTime)-[:AT_LOCATION]->(l:Location)
WHERE l.prefecture_en = 'Aichi Prefecture'
  AND t.year = 2020
  AND p.pm25 >= 0 AND p.pm25 <= 500
RETURN p.pm25_level AS pm25_level,
       count(p) AS reading_count
ORDER BY pm25_level",1.0,1.0,0.0,0.9091,0.9091,0,0,11.127,executed,,0,1
q080,aggregate,medium,3,JP02|JP14|JP04,"MATCH (p:ObservedPM25)-[:OBSERVED_AT]->(t:ObservationTime)-[:AT_LOCATION]->(l:Location)
WHERE l.prefecture_en = 'Gunma Prefecture'
  AND t.year = 2024
  AND t.season = 'Summer'
  AND p.pm25 >= 0 AND p.pm25 <= 500
RETURN l.prefecture_en AS prefecture,
       round(avg(p.pm25), 2) AS avg_pm25,
       count(p) AS total_readings",1.0,1.0,0.0,0.6667,0.6667,0,0,10.409,executed,,1,1
q081,aggregate,medium,3,JP14|JP05|JP04,"MATCH (p:ObservedPM25)-[:OBSERVED_AT]->(t:ObservationTime)-[:AT_LOCATION]->(l:Location)
WHERE l.prefecture_en = 'Hokkaido Prefecture'
  AND t.season = 'Summer'
  AND t.year = 2023
  AND p.pm25 >= 0 AND p.pm25 <= 500
RETURN round(avg(p.pm25), 2) AS avg_pm25,
       count(p) AS total_readings",1.0,1.0,0.0,0.8,0.8,0,0,11.379,executed,,1,1
q082,aggregate,medium,3,JP02|JP14|JP05,"MATCH (p:ObservedPM25)-[:OBSERVED_AT]->(t:ObservationTime)-[:AT_LOCATION]->(l:Location)
WHERE l.prefecture_en = 'Tochigi Prefecture'
  AND t.season = 'Autumn'
  AND t.year = 2024
  AND p.pm25 >= 0 AND p.pm25 <= 500
RETURN l.prefecture_en AS prefecture,
       round(avg(p.pm25), 2) AS avg_pm25,
       count(p) AS total_readings",1.0,1.0,0.0,0.6667,0.6667,0,0,10.881,executed,,1,1
q083,aggregate,medium,3,JP14|JP02|JP05,"MATCH (p:ObservedPM25)-[:OBSERVED_AT]->(t:ObservationTime)-[:AT_LOCATION]->(l:Location)
WHERE l.prefecture_en = 'Kyoto Prefecture'
  AND t.year = 2018
  AND t.season = 'Summer'
  AND p.pm25 >= 0 AND p.pm25 <= 500
RETURN l.prefecture_en AS prefecture,
       round(avg(p.pm25), 2) AS avg_pm25,
       count(p) AS total_readings",1.0,1.0,0.0,0.6667,0.6667,0,0,10.458,executed,,1,1
q085,aggregate,medium,3,JP05|JP14|JP02,"MATCH (p:ObservedPM25)-[:OBSERVED_AT]->(t:ObservationTime)-[:AT_LOCATION]->(l:Location)
WHERE l.prefecture_en = 'Tottori Prefecture'
  AND t.season = 'Winter'
  AND t.year = 2024
  AND p.pm25 >= 0 AND p.pm25 <= 500
RETURN round(avg(p.pm25), 2) AS avg_pm25",1.0,1.0,0.0,0.5,0.5,0,0,9.859,executed,,1,1
q086,aggregate,medium,3,JP17|JP04|JP26,"MATCH (p:ObservedPM25)-[:OBSERVED_AT]->(t:ObservationTime)-[:AT_LOCATION]->(l:Location)
WHERE l.prefecture_en = 'Yamagata Prefecture'
  AND t.year = 2025
  AND p.pm25 >= 0 AND p.pm25 <= 500
WITH p.pm25_level AS level, count(p) AS cnt
ORDER BY level
RETURN level, cnt",1.0,1.0,0.0,0.9091,0.9091,0,0,14.601,executed,,0,1
q088,aggregate,medium,3,JP05|JP02|JP14,"MATCH (p:ObservedPM25)-[:OBSERVED_AT]->(t:ObservationTime)-[:AT_LOCATION]->(l:Location)
WHERE l.prefecture_en = 'Ibaraki Prefecture'
  AND t.season = 'Winter'
  AND t.year = 2020
  AND p.pm25 >= 0 AND p.pm25 <= 500
RETURN round(avg(p.pm25), 2) AS avg_pm25,
       count(p) AS total_readings",1.0,1.0,0.0,0.8,0.8,0,0,10.58,executed,,1,1
q090,aggregate,medium,3,JP17|JP01|JP04,"MATCH (p:ObservedPM25)-[:OBSERVED_AT]->(t:ObservationTime)-[:AT_LOCATION]->(l:Location)
WHERE l.prefecture_en = 'Kagoshima Prefecture'
  AND t.year = 2018
  AND p.pm25 >= 0 AND p.pm25 <= 500
WITH p.pm25_level AS level, count(p) AS cnt
ORDER BY level
RETURN level, cnt",1.0,1.0,0.0,0.8182,0.8182,0,0,13.916,executed,,0,1
q092,temporal,complex,3,JP04|JP02|JP14,"MATCH (p:ObservedPM25)-[:OBSERVED_AT]->(t:ObservationTime)-[:AT_LOCATION]->(l:Location)
WHERE l.prefecture_en = 'Aomori Prefecture'
  AND t.year = 2020
  AND p.pm25 >= 0 AND p.pm25 <= 500
WITH t.season AS season, round(avg(p.pm25), 2) AS avg_pm25
ORDER BY avg_pm25 DESC
RETURN season, avg_pm25",1.0,1.0,0.0,1.0,1.0,1,1,15.007,executed,,1,1
q093,temporal,complex,3,JP02|JP14|JP15,"MATCH (p:ObservedPM25)-[:OBSERVED_AT]->(t:ObservationTime)-[:AT_LOCATION]->(l:Location)
WHERE l.prefecture_en = 'Iwate Prefecture'
  AND p.pm25 >= 0 AND p.pm25 <= 500
RETURN t.year AS year,
       round(avg(p.pm25), 2) AS avg_pm25,
       count(p) AS readings
ORDER BY year",1.0,0.0,0.0,0.0,0.0,0,0,8.991,execution_failure,Timeout: exceeded 30s,1,1
q094,temporal,complex,3,JP14|JP02|JP04,"MATCH (p:ObservedPM25)-[:OBSERVED_AT]->(t:ObservationTime)-[:AT_LOCATION]->(l:Location)
WHERE l.prefecture_en = 'Gunma Prefecture'
  AND t.year = 2025
  AND p.pm25 >= 0 AND p.pm25 <= 500
RETURN t.month AS month,
       t.month_name AS month_name,
       round(avg(p.pm25), 2) AS avg_pm25
ORDER BY month",1.0,1.0,0.0,0.8,0.8,0,0,9.591,executed,,1,1
q095,temporal,complex,3,JP14|JP02|JP04,"MATCH (p:ObservedPM25)-[:OBSERVED_AT]->(t:ObservationTime)-[:AT_LOCATION]->(l:Location)
WHERE l.prefecture_en = 'Tottori Prefecture'
  AND t.year = 2025
  AND p.pm25 >= 0 AND p.pm25 <= 500
RETURN t.month AS month,
       t.month_name AS month_name,
       round(avg(p.pm25), 2) AS avg_pm25
ORDER BY month",1.0,1.0,0.0,0.8,0.8,0,0,9.163,executed,,1,1
q097,temporal,complex,3,JP14|JP27|JP04,"MATCH (p:ObservedPM25)-[:OBSERVED_AT]->(t:ObservationTime)-[:AT_LOCATION]->(l:Location)
WHERE l.prefecture_en = 'Tokushima Prefecture'
  AND t.year = 2025
  AND p.pm25 >= 0 AND p.pm25 <= 500
RETURN t.month AS month,
       t.month_name AS month_name,
       round(avg(p.pm25), 2) AS avg_pm25
ORDER BY month",1.0,1.0,0.0,0.8,0.8,0,0,10.318,executed,,1,1
q098,temporal,complex,3,JP14|JP02|JP04,"MATCH (p:ObservedPM25)-[:OBSERVED_AT]->(t:ObservationTime)-[:AT_LOCATION]->(l:Location)
WHERE l.prefecture_en = 'Kumamoto Prefecture'
  AND t.year = 2022
  AND p.pm25 >= 0 AND p.pm25 <= 500
RETURN t.month AS month,
       t.month_name AS month_name,
       round(avg(p.pm25), 2) AS avg_pm25
ORDER BY month",1.0,1.0,0.0,0.8,0.8,0,0,10.211,executed,,1,1
q099,temporal,complex,3,JP14|JP02|JP04,"MATCH (p:ObservedPM25)-[:OBSERVED_AT]->(t:ObservationTime)-[:AT_LOCATION]->(l:Location)
WHERE l.prefecture_en = 'Ibaraki Prefecture'
  AND t.year = 2018
  AND p.pm25 >= 0 AND p.pm25 <= 500
RETURN t.month AS month,
       t.month_name AS month_name,
       round(avg(p.pm25), 2) AS avg_pm25
ORDER BY month",1.0,1.0,0.0,0.8,0.8,0,0,10.428,executed,,1,1
q102,temporal,complex,3,JP04|JP02|JP05,"MATCH (p:ObservedPM25)-[:OBSERVED_AT]->(t:ObservationTime)-[:AT_LOCATION]->(l:Location)
WHERE l.prefecture_en = 'Oita Prefecture'
  AND t.year = 2018
  AND p.pm25 >= 0 AND p.pm25 <= 500
WITH t.season AS season, round(avg(p.pm25), 2) AS avg_pm25
RETURN season, avg_pm25
ORDER BY CASE 
         WHEN season = 'Spring' THEN 1
         WHEN season = 'Summer' THEN 2
         WHEN season = 'Autumn' THEN 3
         WHEN season = 'Winter' THEN 4
       END",1.0,1.0,0.0,1.0,1.0,1,1,18.569,executed,,1,1
q103,temporal,complex,3,JP04|JP14|JP05,"MATCH (p:ObservedPM25)-[:OBSERVED_AT]->(t:ObservationTime)-[:AT_LOCATION]->(l:Location)
WHERE l.prefecture_en = 'Hokkaido Prefecture'
  AND t.year = 2021
  AND p.pm25 >= 0 AND p.pm25 <= 500
WITH t.season AS season, round(avg(p.pm25), 2) AS avg_pm25
ORDER BY avg_pm25 DESC
RETURN season, avg_pm25",1.0,1.0,0.0,1.0,1.0,1,1,14.8,executed,,1,1
q104,temporal,complex,3,JP14|JP02|JP04,"MATCH (p:ObservedPM25)-[:OBSERVED_AT]->(t:ObservationTime)-[:AT_LOCATION]->(l:Location)
WHERE l.prefecture_en = 'Hiroshima Prefecture'
  AND t.year = 2018
  AND p.pm25 >= 0 AND p.pm25 <= 500
RETURN t.month AS month,
       t.month_name AS month_name,
       round(avg(p.pm25), 2) AS avg_pm25
ORDER BY month",1.0,1.0,0.0,0.8,0.8,0,0,10.436,executed,,1,1
q105,temporal,complex,3,JP04|JP14|JP02,"MATCH (p:ObservedPM25)-[:OBSERVED_AT]->(t:ObservationTime)-[:AT_LOCATION]->(l:Location)
WHERE l.prefecture_en = 'Miyazaki Prefecture'
  AND t.year = 2022
  AND p.pm25 >= 0 AND p.pm25 <= 500
WITH t.season AS season, round(avg(p.pm25), 2) AS avg_pm25
ORDER BY avg_pm25 DESC
RETURN season, avg_pm25",1.0,1.0,0.0,1.0,1.0,1,1,14.848,executed,,1,1
q106,temporal,complex,3,JP02|JP04|JP14,"MATCH (p:ObservedPM25)-[:OBSERVED_AT]->(t:ObservationTime)-[:AT_LOCATION]->(l:Location)
WHERE l.prefecture_en = 'Aichi Prefecture'
  AND t.year = 2022
  AND p.pm25 >= 0 AND p.pm25 <= 500
WITH t.season AS season, round(avg(p.pm25), 2) AS avg_pm25
ORDER BY season
RETURN season, avg_pm25",1.0,1.0,0.0,1.0,1.0,1,1,15.566,executed,,1,1
q108,temporal,complex,3,JP04|JP14|JP02,"MATCH (p:ObservedPM25)-[:OBSERVED_AT]->(t:ObservationTime)-[:AT_LOCATION]->(l:Location)
WHERE l.prefecture_en = 'Nara Prefecture'
  AND t.year = 2023
  AND p.pm25 >= 0 AND p.pm25 <= 500
WITH t.season AS season, round(avg(p.pm25), 2) AS avg_pm25
ORDER BY avg_pm25 DESC
RETURN season, avg_pm25",1.0,1.0,0.0,1.0,1.0,1,1,14.853,executed,,1,1
q109,temporal,complex,3,JP04|JP02|JP14,"MATCH (p:ObservedPM25)-[:OBSERVED_AT]->(t:ObservationTime)-[:AT_LOCATION]->(l:Location)
WHERE l.prefecture_en = 'Shiga Prefecture'
  AND t.year = 2024
  AND p.pm25 >= 0 AND p.pm25 <= 500
  AND t.season IS NOT NULL
RETURN t.season AS season,
       round(avg(p.pm25), 2) AS avg_pm25,
       count(p) AS readings
ORDER BY avg_pm25 DESC",1.0,1.0,0.0,0.8,0.8,0,0,16.096,executed,,1,1
q111,temporal,complex,3,JP04|JP14|JP05,"MATCH (p:ObservedPM25)-[:OBSERVED_AT]->(t:ObservationTime)-[:AT_LOCATION]->(l:Location)
WHERE l.prefecture_en = 'Hokkaido Prefecture'
  AND t.year = 2025
  AND p.pm25 >= 0 AND p.pm25 <= 500
WITH t.season AS season, round(avg(p.pm25), 2) AS avg_pm25
ORDER BY avg_pm25 DESC
RETURN season, avg_pm25",1.0,1.0,0.0,1.0,1.0,1,1,17.117,executed,,1,1
q112,temporal,complex,3,JP04|JP14|JP17,"MATCH (p:ObservedPM25)-[:OBSERVED_AT]->(t:ObservationTime)-[:AT_LOCATION]->(l:Location)
WHERE l.prefecture_en = 'Hiroshima Prefecture'
  AND t.year = 2020
  AND p.pm25 >= 0 AND p.pm25 <= 500
WITH t.season AS season, round(avg(p.pm25), 2) AS avg_pm25
ORDER BY avg_pm25 DESC
RETURN season, avg_pm25",1.0,1.0,0.0,1.0,1.0,1,1,14.627,executed,,1,1
q114,temporal,complex,3,JP04|JP05|JP14,"MATCH (p:ObservedPM25)-[:OBSERVED_AT]->(t:ObservationTime)-[:AT_LOCATION]->(l:Location)
WHERE l.prefecture_en = 'Miyagi Prefecture'
  AND t.year = 2025
  AND p.pm25 >= 0 AND p.pm25 <= 500
WITH t.season AS season, round(avg(p.pm25), 2) AS avg_pm25
ORDER BY season
RETURN season, avg_pm25",1.0,1.0,0.0,1.0,1.0,1,1,15.335,executed,,1,1
q115,temporal,complex,3,JP02|JP14|JP05,"MATCH (p:ObservedPM25)-[:OBSERVED_AT]->(t:ObservationTime)-[:AT_LOCATION]->(l:Location)
WHERE l.prefecture_en = 'Shimane Prefecture'
  AND t.year = 2023
  AND p.pm25 >= 0 AND p.pm25 <= 500
RETURN t.month AS month,
       t.month_name AS month_name,
       round(avg(p.pm25), 2) AS avg_pm25
ORDER BY month",1.0,1.0,0.0,0.8,0.8,0,0,10.508,executed,,1,1
q116,temporal,complex,3,JP04|JP14|JP02,"MATCH (p:ObservedPM25)-[:OBSERVED_AT]->(t:ObservationTime)-[:AT_LOCATION]->(l:Location)
WHERE l.prefecture_en = 'Miyazaki Prefecture'
  AND t.year = 2019
  AND p.pm25 >= 0 AND p.pm25 <= 500
WITH t.season AS season, round(avg(p.pm25), 2) AS avg_pm25
ORDER BY avg_pm25 DESC
RETURN season, avg_pm25",1.0,1.0,0.0,1.0,1.0,1,1,14.949,executed,,1,1
q117,temporal,complex,3,JP14|JP02|JP04,"MATCH (p:ObservedPM25)-[:OBSERVED_AT]->(t:ObservationTime)-[:AT_LOCATION]->(l:Location)
WHERE l.prefecture_en = 'Kyoto Prefecture'
  AND t.year = 2018
  AND p.pm25 >= 0 AND p.pm25 <= 500
RETURN t.month AS month,
       t.month_name AS month_name,
       round(avg(p.pm25), 2) AS avg_pm25
ORDER BY month",1.0,1.0,0.0,0.8,0.8,0,0,10.517,executed,,1,1
q118,temporal,complex,3,JP04|JP02|JP14,"MATCH (p:ObservedPM25)-[:OBSERVED_AT]->(t:ObservationTime)-[:AT_LOCATION]->(l:Location)
WHERE l.prefecture_en = 'Nara Prefecture'
  AND t.year = 2019
  AND p.pm25 >= 0 AND p.pm25 <= 500
  AND t.season IS NOT NULL
RETURN t.season AS season,
       round(avg(p.pm25), 2) AS avg_pm25,
       count(p) AS readings
ORDER BY avg_pm25 DESC",1.0,1.0,0.0,0.8,0.8,0,0,16.168,executed,,1,1
q120,temporal,complex,3,JP14|JP02|JP04,"MATCH (p:ObservedPM25)-[:OBSERVED_AT]->(t:ObservationTime)-[:AT_LOCATION]->(l:Location)
WHERE l.prefecture_en = 'Kochi Prefecture'
  AND t.year = 2021
  AND p.pm25 >= 0 AND p.pm25 <= 500
RETURN t.month AS month,
       t.month_name AS month_name,
       round(avg(p.pm25), 2) AS avg_pm25
ORDER BY month",1.0,1.0,0.0,0.8,0.8,0,0,9.836,executed,,1,1
q122,temporal,complex,3,JP14|JP04|JP02,"MATCH (p:ObservedPM25)-[:OBSERVED_AT]->(t:ObservationTime)-[:AT_LOCATION]->(l:Location)
WHERE l.prefecture_en = 'Chiba Prefecture'
  AND p.pm25 >= 0 AND p.pm25 <= 500
RETURN t.year AS year,
       round(avg(p.pm25), 2) AS avg_pm25,
       count(p) AS total_readings
ORDER BY year",1.0,0.0,0.0,0.0,0.0,0,0,9.507,execution_failure,Timeout: exceeded 30s,1,1
q123,temporal,complex,3,JP02|JP14|JP04,"MATCH (p:ObservedPM25)-[:OBSERVED_AT]->(t:ObservationTime)-[:AT_LOCATION]->(l:Location)
WHERE l.prefecture_en = 'Aichi Prefecture'
  AND t.year = 2022
  AND p.pm25 >= 0 AND p.pm25 <= 500
RETURN t.month AS month,
       t.month_name AS month_name,
       round(avg(p.pm25), 2) AS avg_pm25
ORDER BY month",1.0,1.0,0.0,0.8,0.8,0,0,9.864,executed,,1,1
q124,temporal,complex,3,JP02|JP14|JP05,"MATCH (p:ObservedPM25)-[:OBSERVED_AT]->(t:ObservationTime)-[:AT_LOCATION]->(l:Location)
WHERE l.prefecture_en = 'Saga Prefecture'
  AND t.year = 2019
  AND p.pm25 >= 0 AND p.pm25 <= 500
RETURN t.month AS month,
       t.month_name AS month_name,
       round(avg(p.pm25), 2) AS avg_pm25
ORDER BY month",1.0,1.0,0.0,0.8,0.8,0,0,9.432,executed,,1,1
q125,temporal,complex,3,JP04|JP14|JP05,"MATCH (p:ObservedPM25)-[:OBSERVED_AT]->(t:ObservationTime)-[:AT_LOCATION]->(l:Location)
WHERE l.prefecture_en = 'Kagoshima Prefecture'
  AND t.year = 2022
  AND p.pm25 >= 0 AND p.pm25 <= 500
WITH t.season AS season, round(avg(p.pm25), 2) AS avg_pm25
ORDER BY avg_pm25 DESC
RETURN season, avg_pm25",1.0,1.0,0.0,1.0,1.0,1,1,14.985,executed,,1,1
q127,temporal,complex,3,JP02|JP14|JP15,"MATCH (p:ObservedPM25)-[:OBSERVED_AT]->(t:ObservationTime)-[:AT_LOCATION]->(l:Location)
WHERE l.prefecture_en = 'Tochigi Prefecture'
  AND p.pm25 >= 0 AND p.pm25 <= 500
RETURN t.year AS year,
       round(avg(p.pm25), 2) AS avg_pm25,
       count(p) AS readings
ORDER BY year",1.0,0.0,0.0,0.0,0.0,0,0,9.54,execution_failure,Timeout: exceeded 30s,1,1
q128,temporal,complex,3,JP14|JP27|JP04,"MATCH (p:ObservedPM25)-[:OBSERVED_AT]->(t:ObservationTime)-[:AT_LOCATION]->(l:Location)
WHERE l.prefecture_en = 'Tokushima Prefecture'
  AND t.year = 2023
  AND p.pm25 >= 0 AND p.pm25 <= 500
RETURN t.month AS month,
       t.month_name AS month_name,
       round(avg(p.pm25), 2) AS avg_pm25
ORDER BY month",1.0,1.0,0.0,0.8,0.8,0,0,10.547,executed,,1,1
q129,temporal,complex,3,JP14|JP04|JP08,"MATCH (p:ObservedPM25)-[:OBSERVED_AT]->(t:ObservationTime)-[:AT_LOCATION]->(l:Location)
WHERE l.prefecture_en = 'Saitama Prefecture'
  AND p.pm25 >= 0 AND p.pm25 <= 500
RETURN t.year AS year,
       round(avg(p.pm25), 2) AS avg_pm25,
       count(p) AS readings
ORDER BY year",1.0,0.0,0.0,0.0,0.0,0,0,9.629,execution_failure,Timeout: exceeded 30s,1,1
q130,temporal,complex,3,JP04|JP02|JP14,"MATCH (p:ObservedPM25)-[:OBSERVED_AT]->(t:ObservationTime)-[:AT_LOCATION]->(l:Location)
WHERE l.prefecture_en = 'Oita Prefecture'
  AND t.year = 2022
  AND p.pm25 >= 0 AND p.pm25 <= 500
WITH t.season AS season, round(avg(p.pm25), 2) AS avg_pm25
ORDER BY avg_pm25 DESC
RETURN season, avg_pm25",1.0,1.0,0.0,1.0,1.0,1,1,14.803,executed,,1,1
q131,health_risk,medium,3,JP19|JP01|JP07,"MATCH (p:ObservedPM25)-[:RECORDED_BY]->(s:Station)-[:LOCATED_AT]->(l:Location),
      (p)-[:OBSERVED_AT]->(t:ObservationTime)
WHERE l.prefecture_en = 'Fukuoka Prefecture'
  AND t.season = 'Winter'
  AND p.pm25_level IN ['Unhealthy', 'Very Unhealthy']
RETURN count(DISTINCT p) AS unhealthy_readings_count",1.0,1.0,0.0,0.0,0.0,0,0,10.566,executed,,0,1
q133,health_risk,complex,3,JP21|JP16|JP01,"MATCH (p:ObservedPM25)-[:OBSERVED_AT]->(t:ObservationTime)-[:AT_LOCATION]->(l:Location)
WHERE l.prefecture_en = 'Gunma Prefecture'
  AND t.year = 2025
  AND p.pm25 >= 0 AND p.pm25 <= 500
WITH count(p) AS total,
     count(CASE WHEN p.pm25 > 35 THEN 1 END) AS exceeds_standard
RETURN total, exceeds_standard, round(100.0 * exceeds_standard / total, 2) AS exceed_pct",1.0,1.0,0.0,1.0,1.0,1,1,16.987,executed,,1,1
q134,health_risk,complex,3,JP21|JP07|JP19,"MATCH (p:ObservedPM25)-[:RECORDED_BY]->(s:Station)-[:LOCATED_AT]->(l:Location),
      (p)-[:OBSERVED_AT]->(t:ObservationTime)
WHERE l.prefecture_en = 'Fukuoka Prefecture'
  AND t.year = 2022
  AND p.pm25 >= 0 AND p.pm25 <= 500
WITH count(p) AS total,
     count(CASE WHEN p.pm25 > 35 THEN 1 END) AS exceeds_standard
RETURN total, exceeds_standard, round(100.0 * exceeds_standard / total, 2) AS exceed_pct",1.0,1.0,0.0,1.0,1.0,1,1,15.466,executed,,1,1
q136,health_risk,medium,3,JP01|JP04|JP16,"MATCH (p:ObservedPM25)-[:OBSERVED_AT]->(t:ObservationTime)-[:AT_LOCATION]->(l:Location)
WHERE l.prefecture_en = 'Ibaraki Prefecture'
  AND t.season = 'Spring'
  AND p.pm25_level IN ['Unhealthy', 'Very Unhealthy', 'Slightly Unhealthy']
RETURN count(p) AS unhealthy_readings",1.0,1.0,0.0,1.0,1.0,1,1,12.714,executed,,0,1
q137,health_risk,medium,3,JP01|JP04|JP05,"MATCH (p:ObservedPM25)-[:OBSERVED_AT]->(t:ObservationTime)-[:AT_LOCATION]->(l:Location)
WHERE l.prefecture_en = 'Akita Prefecture'
  AND t.season = 'Winter'
  AND p.pm25_level IN ['Unhealthy', 'Very Unhealthy', 'Slightly Unhealthy']
RETURN count(p) AS unhealthy_readings",1.0,1.0,0.0,1.0,1.0,1,1,9.48,executed,,0,1
q138,health_risk,medium,3,JP01|JP19|JP16,"MATCH (p:ObservedPM25)-[:RECORDED_BY]->(s:Station)-[:LOCATED_AT]->(l:Location),
      (p)-[:OBSERVED_AT]->(t:ObservationTime)
WHERE l.prefecture_en = 'Nagasaki Prefecture'
  AND t.season = 'Summer'
  AND p.pm25_level IN ['Unhealthy', 'Very Unhealthy']
RETURN count(p) AS unhealthy_count",1.0,1.0,0.0,0.0,0.0,0,0,10.136,executed,,0,1
q139,health_risk,medium,3,JP01|JP19|JP17,"MATCH (p:ObservedPM25)-[:RECORDED_BY]->(s:Station)-[:LOCATED_AT]->(l:Location),
      (p)-[:OBSERVED_AT]->(t:ObservationTime)
WHERE l.prefecture_en = 'Nagasaki Prefecture'
  AND t.season = 'Autumn'
  AND p.pm25_level IN ['Unhealthy', 'Very Unhealthy']
RETURN count(p) AS unhealthy_readings_count",1.0,1.0,0.0,0.0,0.0,0,0,10.542,executed,,0,1
q140,health_risk,complex,3,JP21|JP07|JP19,"MATCH (p:ObservedPM25)-[:RECORDED_BY]->(s:Station)-[:LOCATED_AT]->(l:Location),
      (p)-[:OBSERVED_AT]->(t:ObservationTime)
WHERE l.prefecture_en = 'Fukuoka Prefecture'
  AND t.year = 2023
  AND p.pm25 >= 0 AND p.pm25 <= 500
WITH count(p) AS total,
     count(CASE WHEN p.pm25 > 35 THEN 1 END) AS exceeds_standard
RETURN total, exceeds_standard, round(100.0 * exceeds_standard / total, 2) AS exceed_pct",1.0,1.0,0.0,1.0,1.0,1,1,19.39,executed,,1,1
q143,health_risk,complex,3,JP21|JP16|JP01,"MATCH (p:ObservedPM25)-[:OBSERVED_AT]->(t:ObservationTime)-[:AT_LOCATION]->(l:Location)
WHERE l.prefecture_en = 'Fukui Prefecture'
  AND t.year = 2018
  AND p.pm25 >= 0 AND p.pm25 <= 500
WITH count(p) AS total,
     count(CASE WHEN p.pm25 > 35 THEN 1 END) AS exceeds_standard
RETURN total, exceeds_standard, round(100.0 * exceeds_standard / total, 2) AS exceed_pct",1.0,1.0,0.0,1.0,1.0,1,1,14.455,executed,,1,1
q144,health_risk,complex,3,JP21|JP23|JP01,"MATCH (p:ObservedPM25)-[:OBSERVED_AT]->(t:ObservationTime)-[:AT_LOCATION]->(l:Location)
WHERE l.prefecture_en = 'Kagawa Prefecture'
  AND t.year = 2025
  AND p.pm25 >= 0 AND p.pm25 <= 500
WITH count(p) AS total_readings,
     count(CASE WHEN p.pm25_level IN ['Slightly Unhealthy', 'Unhealthy', 'Very Unhealthy'] THEN 1 END) AS exceeded_readings
RETURN total_readings, exceeded_readings, 
       round(100.0 * exceeded_readings / total_readings, 2) AS exceed_pct",1.0,1.0,0.0,1.0,1.0,1,1,17.651,executed,,1,1
q145,health_risk,complex,3,JP16|JP21|JP01,"MATCH (p:ObservedPM25)-[:OBSERVED_AT]->(t:ObservationTime)-[:AT_LOCATION]->(l:Location)
WHERE l.prefecture_en = 'Gunma Prefecture'
  AND t.year = 2019
  AND p.pm25 >= 0 AND p.pm25 <= 500
WITH count(p) AS total_readings,
     count(CASE WHEN p.pm25 > 35 THEN 1 END) AS exceeded_count
RETURN total_readings, exceeded_count, 
       round(100.0 * exceeded_count / total_readings, 2) AS exceed_pct",1.0,1.0,0.0,1.0,1.0,1,1,15.218,executed,,1,1
q147,health_risk,complex,3,JP21|JP01|JP16,"MATCH (p:ObservedPM25)-[:OBSERVED_AT]->(t:ObservationTime)-[:AT_LOCATION]->(l:Location)
WHERE l.prefecture_en = 'Miyagi Prefecture'
  AND t.year = 2018
  AND p.pm25 >= 0 AND p.pm25 <= 500
WITH count(p) AS total,
     count(CASE WHEN p.pm25 > 35 THEN 1 END) AS exceeds_standard
RETURN total, exceeds_standard, round(100.0 * exceeds_standard / total, 2) AS exceed_pct",1.0,1.0,0.0,1.0,1.0,1,1,19.094,executed,,1,1
q148,health_risk,medium,3,JP01|JP05|JP04,"MATCH (p:ObservedPM25)-[:OBSERVED_AT]->(t:ObservationTime)-[:AT_LOCATION]->(l:Location)
WHERE l.prefecture_en = 'Osaka Prefecture'
  AND t.season = 'Winter'
  AND p.pm25_level IN ['Unhealthy', 'Very Unhealthy', 'Slightly Unhealthy']
RETURN count(p) AS unhealthy_readings",1.0,1.0,0.0,1.0,1.0,1,1,11.614,executed,,0,1
q150,health_risk,complex,3,JP21|JP16|JP01,"MATCH (p:ObservedPM25)-[:OBSERVED_AT]->(t:ObservationTime)-[:AT_LOCATION]->(l:Location)
WHERE l.prefecture_en = 'Gifu Prefecture'
  AND t.year = 2018
  AND p.pm25 >= 0 AND p.pm25 <= 500
WITH count(p) AS total,
     count(CASE WHEN p.pm25 > 35 THEN 1 END) AS exceeds_standard
RETURN total, exceeds_standard, round(100.0 * exceeds_standard / total, 2) AS exceed_pct",1.0,1.0,0.0,1.0,1.0,1,1,15.269,executed,,1,1
q151,health_risk,complex,3,JP21|JP01|JP16,"MATCH (p:ObservedPM25)-[:OBSERVED_AT]->(t:ObservationTime)-[:AT_LOCATION]->(l:Location)
WHERE l.prefecture_en = 'Akita Prefecture'
  AND t.year = 2020
  AND p.pm25 >= 0 AND p.pm25 <= 500
WITH count(p) AS total,
     count(CASE WHEN p.pm25 > 35 THEN 1 END) AS exceeds_standard
RETURN total, exceeds_standard, round(100.0 * exceeds_standard / total, 2) AS exceed_pct",1.0,1.0,0.0,1.0,1.0,1,1,15.895,executed,,1,1
q152,health_risk,complex,3,JP16|JP21|JP01,"MATCH (p:ObservedPM25)-[:OBSERVED_AT]->(t:ObservationTime)-[:AT_LOCATION]->(l:Location)
WHERE l.prefecture_en = 'Gunma Prefecture'
  AND t.year = 2018
  AND p.pm25 >= 0 AND p.pm25 <= 500
WITH count(p) AS total,
     count(CASE WHEN p.pm25 > 35 THEN 1 END) AS exceeds_standard_count
RETURN total, exceeds_standard_count, 
       round(100.0 * exceeds_standard_count / total, 2) AS exceed_standard_pct",1.0,1.0,0.0,1.0,1.0,1,1,15.211,executed,,1,1
q153,health_risk,medium,3,JP01|JP16|JP05,"MATCH (p:ObservedPM25)-[:OBSERVED_AT]->(t:ObservationTime)-[:AT_LOCATION]->(l:Location)
WHERE l.prefecture_en = 'Shimane Prefecture'
  AND t.season = 'Winter'
  AND p.pm25_level IN ['Unhealthy', 'Very Unhealthy', 'Slightly Unhealthy']
RETURN count(p) AS unhealthy_readings",1.0,1.0,0.0,1.0,1.0,1,1,9.941,executed,,0,1
q154,health_risk,complex,3,JP21|JP01|JP23,"MATCH (p:ObservedPM25)-[:OBSERVED_AT]->(t:ObservationTime)-[:AT_LOCATION]->(l:Location)
WHERE l.prefecture_en = 'Yamagata Prefecture'
  AND t.year = 2025
  AND p.pm25 >= 0 AND p.pm25 <= 500
WITH count(p) AS total_readings,
     count(CASE WHEN p.pm25_level IN ['Slightly Unhealthy', 'Unhealthy', 'Very Unhealthy'] THEN 1 END) AS exceeded_readings
RETURN total_readings, exceeded_readings, 
       round(100.0 * exceeded_readings / total_readings, 2) AS exceed_pct",1.0,1.0,0.0,1.0,1.0,1,1,19.394,executed,,1,1
q155,health_risk,complex,3,JP21|JP01|JP16,"MATCH (p:ObservedPM25)-[:OBSERVED_AT]->(t:ObservationTime)-[:AT_LOCATION]->(l:Location)
WHERE l.prefecture_en = 'Okayama Prefecture'
  AND t.year = 2020
  AND p.pm25 >= 0 AND p.pm25 <= 500
WITH count(p) AS total,
     count(CASE WHEN p.pm25 > 35 THEN 1 END) AS exceeds_standard
RETURN total, exceeds_standard, round(100.0 * exceeds_standard / total, 2) AS exceed_pct",1.0,1.0,0.0,1.0,1.0,1,1,15.812,executed,,1,1
q157,health_risk,medium,3,JP01|JP19|JP04,"MATCH (p:ObservedPM25)-[:RECORDED_BY]->(s:Station)-[:LOCATED_AT]->(l:Location),
      (p)-[:OBSERVED_AT]->(t:ObservationTime)
WHERE l.prefecture_en = 'Kagoshima Prefecture'
  AND t.season = 'Autumn'
  AND p.pm25_level IN ['Unhealthy', 'Very Unhealthy']
RETURN count(p) AS unhealthy_readings",1.0,1.0,0.0,0.0,0.0,0,0,11.207,executed,,0,1
q158,health_risk,complex,3,JP21|JP16|JP02,"MATCH (p:ObservedPM25)-[:OBSERVED_AT]->(t:ObservationTime)-[:AT_LOCATION]->(l:Location)
WHERE l.prefecture_en = 'Tochigi Prefecture'
  AND t.year = 2019
  AND p.pm25 >= 0 AND p.pm25 <= 500
WITH count(p) AS total,
     count(CASE WHEN p.pm25 > 35 THEN 1 END) AS exceeds_standard
RETURN total, exceeds_standard, round(100.0 * exceeds_standard / total, 2) AS exceed_pct",1.0,1.0,0.0,1.0,1.0,1,1,15.172,executed,,1,1
q160,health_risk,complex,3,JP21|JP16|JP23,"MATCH (p:ObservedPM25)-[:OBSERVED_AT]->(t:ObservationTime)-[:AT_LOCATION]->(l:Location)
WHERE l.prefecture_en = 'Oita Prefecture'
  AND t.year = 2025
  AND p.pm25 >= 0 AND p.pm25 <= 500
WITH count(p) AS total,
     count(CASE WHEN p.pm25_level IN ['Slightly Unhealthy', 'Unhealthy', 'Very Unhealthy'] THEN 1 END) AS exceeds_standard
RETURN total, exceeds_standard, round(100.0 * exceeds_standard / total, 2) AS exceed_pct",1.0,1.0,0.0,1.0,1.0,1,1,17.738,executed,,1,1
q161,health_risk,complex,3,JP21|JP16|JP01,"MATCH (p:ObservedPM25)-[:OBSERVED_AT]->(t:ObservationTime)-[:AT_LOCATION]->(l:Location)
WHERE l.prefecture_en = 'Shizuoka Prefecture'
  AND t.year = 2025
  AND p.pm25 >= 0 AND p.pm25 <= 500
WITH count(p) AS total,
     count(CASE WHEN p.pm25 > 35 THEN 1 END) AS exceeds_standard
RETURN total, exceeds_standard, round(100.0 * exceeds_standard / total, 2) AS exceed_pct",1.0,1.0,0.0,1.0,1.0,1,1,18.642,executed,,1,1
q162,health_risk,medium,3,JP01|JP19|JP04,"MATCH (p:ObservedPM25)-[:RECORDED_BY]->(s:Station)-[:LOCATED_AT]->(l:Location),
      (p)-[:OBSERVED_AT]->(t:ObservationTime)
WHERE l.prefecture_en = 'Kagawa Prefecture'
  AND t.season = 'Spring'
  AND p.pm25_level IN ['Unhealthy', 'Very Unhealthy']
RETURN count(p) AS unhealthy_readings_count",1.0,1.0,0.0,0.0,0.0,0,0,12.935,executed,,0,1
q164,health_risk,medium,3,JP01|JP19|JP04,"MATCH (p:ObservedPM25)-[:RECORDED_BY]->(s:Station)-[:LOCATED_AT]->(l:Location),
      (p)-[:OBSERVED_AT]->(t:ObservationTime)
WHERE l.prefecture_en = 'Nagano Prefecture'
  AND t.season = 'Autumn'
  AND p.pm25_level IN ['Unhealthy', 'Very Unhealthy']
RETURN count(p) AS unhealthy_readings",1.0,1.0,0.0,0.0,0.0,0,0,10.672,executed,,0,1
q165,health_risk,complex,3,JP21|JP01|JP16,"MATCH (p:ObservedPM25)-[:OBSERVED_AT]->(t:ObservationTime)-[:AT_LOCATION]->(l:Location)
WHERE l.prefecture_en = 'Kagawa Prefecture'
  AND t.year = 2018
  AND p.pm25 >= 0 AND p.pm25 <= 500
WITH count(p) AS total,
     count(CASE WHEN p.pm25 > 35 THEN 1 END) AS exceeds_standard
RETURN total, exceeds_standard, round(100.0 * exceeds_standard / total, 2) AS exceed_pct",1.0,1.0,0.0,1.0,1.0,1,1,15.928,executed,,1,1
q166,health_risk,complex,3,JP21|JP16|JP02,"MATCH (p:ObservedPM25)-[:OBSERVED_AT]->(t:ObservationTime)-[:AT_LOCATION]->(l:Location)
WHERE l.prefecture_en = 'Tochigi Prefecture'
  AND t.year = 2021
  AND p.pm25 >= 0 AND p.pm25 <= 500
WITH count(p) AS total,
     count(CASE WHEN p.pm25 > 35 THEN 1 END) AS exceeds_standard
RETURN total, exceeds_standard, round(100.0 * exceeds_standard / total, 2) AS exceed_pct",1.0,1.0,0.0,1.0,1.0,1,1,15.12,executed,,1,1
q167,health_risk,complex,3,JP21|JP01|JP16,"MATCH (p:ObservedPM25)-[:OBSERVED_AT]->(t:ObservationTime)-[:AT_LOCATION]->(l:Location)
WHERE l.prefecture_en = 'Mie Prefecture'
  AND t.year = 2019
  AND p.pm25 >= 0 AND p.pm25 <= 500
WITH count(p) AS total,
     count(CASE WHEN p.pm25 > 35 THEN 1 END) AS exceeds_standard
RETURN total, exceeds_standard, round(100.0 * exceeds_standard / total, 2) AS exceed_pct",1.0,1.0,0.0,1.0,1.0,1,1,15.732,executed,,1,1
q169,health_risk,complex,3,JP21|JP16|JP01,"MATCH (p:ObservedPM25)-[:OBSERVED_AT]->(t:ObservationTime)-[:AT_LOCATION]->(l:Location)
WHERE l.prefecture_en = 'Ishikawa Prefecture'
  AND t.year = 2020
  AND p.pm25 >= 0 AND p.pm25 <= 500
WITH count(p) AS total,
     count(CASE WHEN p.pm25 > 35 THEN 1 END) AS exceeds_standard
RETURN total, exceeds_standard, round(100.0 * exceeds_standard / total, 2) AS exceed_pct",1.0,1.0,0.0,1.0,1.0,1,1,15.894,executed,,1,1
q170,health_risk,medium,3,JP01|JP16|JP04,"MATCH (p:ObservedPM25)-[:OBSERVED_AT]->(t:ObservationTime)-[:AT_LOCATION]->(l:Location)
WHERE l.prefecture_en = 'Wakayama Prefecture'
  AND t.season = 'Summer'
  AND p.pm25_level IN ['Unhealthy', 'Very Unhealthy', 'Slightly Unhealthy']
RETURN count(p) AS unhealthy_readings",1.0,1.0,0.0,1.0,1.0,1,1,10.79,executed,,0,1
q172,comparative,medium,3,JP06|JP28|JP11,"MATCH (p:ObservedPM25)-[:RECORDED_BY]->(s:Station)-[:LOCATED_AT]->(l:Location),
      (p)-[:OBSERVED_AT]->(t:ObservationTime)
WHERE l.prefecture_en = 'Niigata Prefecture'
  AND t.year = 2018
  AND p.pm25 >= 0 AND p.pm25 <= 500
RETURN s.stationtype_en AS station_type,
       round(avg(p.pm25), 2) AS avg_pm25,
       count(p) AS readings
ORDER BY avg_pm25 DESC",1.0,1.0,0.0,1.0,1.0,1,1,14.185,executed,,1,1
q173,comparative,medium,3,JP06|JP11|JP28,"MATCH (p:ObservedPM25)-[:RECORDED_BY]->(s:Station)-[:LOCATED_AT]->(l:Location),
      (p)-[:OBSERVED_AT]->(t:ObservationTime)
WHERE l.prefecture_en = 'Niigata Prefecture'
  AND t.year = 2020
  AND p.pm25 >= 0 AND p.pm25 <= 500
WITH s.stationtype_en AS station_type, round(avg(p.pm25), 2) AS avg_pm25
RETURN station_type, avg_pm25
ORDER BY avg_pm25 DESC",1.0,1.0,0.0,0.8,0.8,0,0,17.755,executed,,1,1
q174,comparative,medium,3,JP06|JP11|JP28,"MATCH (p:ObservedPM25)-[:RECORDED_BY]->(s:Station)-[:LOCATED_AT]->(l:Location),
      (p)-[:OBSERVED_AT]->(t:ObservationTime)
WHERE l.prefecture_en = 'Shiga Prefecture'
  AND t.year = 2018
  AND p.pm25 >= 0 AND p.pm25 <= 500
RETURN s.stationtype_en AS station_type,
       round(avg(p.pm25), 2) AS avg_pm25,
       count(p) AS readings
ORDER BY avg_pm25 DESC",1.0,1.0,0.0,1.0,1.0,1,1,12.79,executed,,1,1
q175,comparative,medium,3,JP06|JP28|JP11,"MATCH (p:ObservedPM25)-[:RECORDED_BY]->(s:Station)-[:LOCATED_AT]->(l:Location),
      (p)-[:OBSERVED_AT]->(t:ObservationTime)
WHERE l.prefecture_en = 'Kumamoto Prefecture'
  AND t.year = 2021
  AND p.pm25 >= 0 AND p.pm25 <= 500
WITH s.stationtype_en AS station_type, round(avg(p.pm25), 2) AS avg_pm25
RETURN station_type, avg_pm25
ORDER BY avg_pm25 DESC",1.0,1.0,0.0,0.8,0.8,0,0,17.842,executed,,1,1
q176,comparative,medium,3,JP06|JP28|JP11,"MATCH (p:ObservedPM25)-[:RECORDED_BY]->(s:Station)-[:LOCATED_AT]->(l:Location),
      (p)-[:OBSERVED_AT]->(t:ObservationTime)
WHERE l.prefecture_en = 'Toyama Prefecture'
  AND t.year = 2023
  AND p.pm25 >= 0 AND p.pm25 <= 500
RETURN s.stationtype_en AS station_type,
       round(avg(p.pm25), 2) AS avg_pm25,
       count(p) AS readings
ORDER BY avg_pm25 DESC",1.0,1.0,0.0,1.0,1.0,1,1,12.806,executed,,1,1
q177,comparative,medium,3,JP06|JP28|JP11,"MATCH (p:ObservedPM25)-[:RECORDED_BY]->(s:Station)-[:LOCATED_AT]->(l:Location),
      (p)-[:OBSERVED_AT]->(t:ObservationTime)
WHERE l.prefecture_en = 'Saga Prefecture'
  AND t.year = 2020
  AND p.pm25 >= 0 AND p.pm25 <= 500
WITH s.stationtype_en AS station_type, round(avg(p.pm25), 2) AS avg_pm25
RETURN station_type, avg_pm25
ORDER BY avg_pm25 DESC",1.0,1.0,0.0,0.8,0.8,0,0,16.351,executed,,1,1
q178,comparative,medium,3,JP06|JP11|JP28,"MATCH (p:ObservedPM25)-[:RECORDED_BY]->(s:Station)-[:LOCATED_AT]->(l:Location),
      (p)-[:OBSERVED_AT]->(t:ObservationTime)
WHERE l.prefecture_en = 'Shiga Prefecture'
  AND t.year = 2025
  AND p.pm25 >= 0 AND p.pm25 <= 500
RETURN s.stationtype_en AS station_type,
       round(avg(p.pm25), 2) AS avg_pm25,
       count(p) AS readings
ORDER BY avg_pm25 DESC",1.0,1.0,0.0,1.0,1.0,1,1,13.803,executed,,1,1
q179,comparative,complex,3,JP06|JP27|JP05,"MATCH (p:ObservedPM25)-[:RECORDED_BY]->(s:Station)-[:LOCATED_AT]->(l:Location)
WHERE l.prefecture_en = 'Yamagata Prefecture'
  AND p.pm25 >= 0 AND p.pm25 <= 500
  AND p.tid CONTAINS '2021'
WITH s.stationname_en AS station, avg(p.pm25) AS avg_pm25
ORDER BY avg_pm25 DESC
RETURN station, round(avg_pm25, 2) AS avg_pm25
LIMIT 10",1.0,0.0,0.0,0.0,0.0,0,0,23.229,execution_failure,Timeout: exceeded 30s,1,1
q180,comparative,medium,3,JP06|JP28|JP11,"MATCH (p:ObservedPM25)-[:RECORDED_BY]->(s:Station)-[:LOCATED_AT]->(l:Location),
      (p)-[:OBSERVED_AT]->(t:ObservationTime)
WHERE l.prefecture_en = 'Akita Prefecture'
  AND t.year = 2019
  AND p.pm25 >= 0 AND p.pm25 <= 500
RETURN s.stationtype_en AS station_type,
       round(avg(p.pm25), 2) AS avg_pm25,
       count(p) AS readings
ORDER BY avg_pm25 DESC",1.0,1.0,0.0,1.0,1.0,1,1,13.825,executed,,1,1
q181,comparative,complex,3,JP27|JP28|JP05,"MATCH (p:ObservedPM25)-[:RECORDED_BY]->(s:Station)-[:LOCATED_AT]->(l:Location)
WHERE l.prefecture_en = 'Tottori Prefecture'
  AND p.pm25 >= 0 AND p.pm25 <= 500
  AND p.tid CONTAINS '2022'
WITH s.stationname_en AS station,
     s.stationtype_en AS type,
     avg(p.pm25) AS avg_pm25
ORDER BY avg_pm25 DESC
RETURN station, type, round(avg_pm25, 2) AS avg_pm25
LIMIT 10",1.0,0.0,0.0,0.0,0.0,0,0,25.064,execution_failure,Timeout: exceeded 30s,1,1
q184,comparative,complex,3,JP02|JP06|JP05,"MATCH (p:ObservedPM25)-[:RECORDED_BY]->(s:Station)-[:LOCATED_AT]->(l:Location)
WHERE l.prefecture_en = 'Shiga Prefecture'
  AND t.year = 2018
  AND p.pm25 >= 0 AND p.pm25 <= 500
WITH s.stationname_en AS station, round(avg(p.pm25), 2) AS avg_pm25
ORDER BY avg_pm25 DESC
RETURN station, avg_pm25
LIMIT 10
However, there is a small issue in the query: The `ObservationTime` node (aliased as `t`) is not included in the `MATCH` clause. We need to include it and adjust the `WHERE` clause accordingly:

MATCH (p:ObservedPM25)-[:RECORDED_BY]->(s:Station)-[:LOCATED_AT]->(l:Location),
      (p)-[:OBSERVED_AT]->(t:ObservationTime)
WHERE l.prefecture_en = 'Shiga Prefecture'
  AND t.year = 2018
  AND p.pm25 >= 0 AND p.pm25 <= 500
WITH s.stationname_en AS station, round(avg(p.pm25), 2) AS avg_pm25
ORDER BY avg_pm25 DESC
RETURN station, avg_pm25
LIMIT 10",0.0,0.0,0.0,0.0,0.0,0,0,19.232,execution_failure,SyntaxError: {neo4j_code: Neo.ClientError.Statement.SyntaxError} {message: Invalid input 'However': expected an expressi,1,1
q185,comparative,complex,3,JP27|JP06|JP28,"MATCH (p:ObservedPM25)-[:RECORDED_BY]->(s:Station)-[:LOCATED_AT]->(l:Location)
WHERE l.prefecture_en = 'Hiroshima Prefecture'
  AND p.pm25 >= 0 AND p.pm25 <= 500
  AND p.tid CONTAINS '2022'
WITH s.stationname_en AS station,
     s.stationtype_en AS type,
     avg(p.pm25) AS avg_pm25
ORDER BY avg_pm25 DESC
RETURN station, type, round(avg_pm25, 2) AS avg_pm25
LIMIT 10",1.0,0.0,0.0,0.0,0.0,0,0,24.954,execution_failure,Timeout: exceeded 30s,1,1
q186,comparative,complex,3,JP06|JP27|JP05,"MATCH (p:ObservedPM25)-[:RECORDED_BY]->(s:Station)-[:LOCATED_AT]->(l:Location)
WHERE l.prefecture_en = 'Saitama Prefecture'
  AND p.pm25 >= 0 AND p.pm25 <= 500
  AND p.tid CONTAINS '2018'
WITH s.stationname_en AS station, avg(p.pm25) AS avg_pm25
ORDER BY avg_pm25 DESC
RETURN station, round(avg_pm25, 2) AS avg_pm25
LIMIT 10",1.0,0.0,0.0,0.0,0.0,0,0,23.949,execution_failure,Timeout: exceeded 30s,1,1
q188,comparative,complex,3,JP06|JP27|JP05,"MATCH (p:ObservedPM25)-[:RECORDED_BY]->(s:Station)-[:LOCATED_AT]->(l:Location)
WHERE l.prefecture_en = 'Shizuoka Prefecture'
  AND p.pm25 >= 0 AND p.pm25 <= 500
  AND p.tid CONTAINS '2022'
WITH s.stationname_en AS station, avg(p.pm25) AS avg_pm25
ORDER BY avg_pm25 DESC
RETURN station, round(avg_pm25, 2) AS avg_pm25
LIMIT 10",1.0,0.0,0.0,0.0,0.0,0,0,22.056,execution_failure,Timeout: exceeded 30s,1,1
q189,comparative,complex,3,JP05|JP06|JP27,"MATCH (p:ObservedPM25)-[:RECORDED_BY]->(s:Station)-[:LOCATED_AT]->(l:Location)
WHERE l.prefecture_en = 'Gifu Prefecture'
  AND p.pm25 >= 0 AND p.pm25 <= 500
  AND p.tid CONTAINS '2020'
WITH s.stationname_en AS station, round(avg(p.pm25), 2) AS avg_pm25
ORDER BY avg_pm25 DESC
RETURN station, avg_pm25
LIMIT 10",1.0,0.0,0.0,0.0,0.0,0,0,23.793,execution_failure,Timeout: exceeded 30s,1,1
q191,comparative,medium,3,JP06|JP28|JP11,"MATCH (p:ObservedPM25)-[:RECORDED_BY]->(s:Station)-[:LOCATED_AT]->(l:Location),
      (p)-[:OBSERVED_AT]->(t:ObservationTime)
WHERE l.prefecture_en = 'Saga Prefecture'
  AND t.year = 2023
  AND p.pm25 >= 0 AND p.pm25 <= 500
RETURN s.stationtype_en AS station_type,
       round(avg(p.pm25), 2) AS avg_pm25,
       count(p) AS readings
ORDER BY avg_pm25 DESC",1.0,1.0,0.0,1.0,1.0,1,1,14.173,executed,,1,1
q192,comparative,medium,3,JP06|JP28|JP11,"MATCH (p:ObservedPM25)-[:RECORDED_BY]->(s:Station)-[:LOCATED_AT]->(l:Location),
      (p)-[:OBSERVED_AT]->(t:ObservationTime)
WHERE l.prefecture_en = 'Chiba Prefecture'
  AND t.year = 2018
  AND p.pm25 >= 0 AND p.pm25 <= 500
RETURN s.stationtype_en AS station_type,
       round(avg(p.pm25), 2) AS avg_pm25,
       count(p) AS readings
ORDER BY avg_pm25 DESC",1.0,1.0,0.0,1.0,1.0,1,1,12.545,executed,,1,1
q194,comparative,medium,3,JP06|JP11|JP28,"MATCH (p:ObservedPM25)-[:RECORDED_BY]->(s:Station)-[:LOCATED_AT]->(l:Location),
      (p)-[:OBSERVED_AT]->(t:ObservationTime)
WHERE l.prefecture_en = 'Toyama Prefecture'
  AND t.year = 2020
  AND p.pm25 >= 0 AND p.pm25 <= 500
RETURN s.stationtype_en AS station_type,
       round(avg(p.pm25), 2) AS avg_pm25,
       count(p) AS readings
ORDER BY avg_pm25 DESC",1.0,1.0,0.0,1.0,1.0,1,1,13.73,executed,,1,1
q195,comparative,medium,3,JP06|JP28|JP11,"MATCH (p:ObservedPM25)-[:RECORDED_BY]->(s:Station)-[:LOCATED_AT]->(l:Location),
      (p)-[:OBSERVED_AT]->(t:ObservationTime)
WHERE l.prefecture_en = 'Miyagi Prefecture'
  AND t.year = 2024
  AND p.pm25 >= 0 AND p.pm25 <= 500
RETURN s.stationtype_en AS station_type,
       round(avg(p.pm25), 2) AS avg_pm25,
       count(p) AS readings
ORDER BY avg_pm25 DESC",1.0,1.0,0.0,1.0,1.0,1,1,13.693,executed,,1,1
q196,comparative,complex,3,JP27|JP28|JP06,"MATCH (p:ObservedPM25)-[:RECORDED_BY]->(s:Station)-[:LOCATED_AT]->(l:Location)
WHERE l.prefecture_en = 'Nagasaki Prefecture'
  AND p.pm25 >= 0 AND p.pm25 <= 500
  AND p.tid CONTAINS '2025'
WITH s.stationname_en AS station,
     s.stationtype_en AS type,
     avg(p.pm25) AS avg_pm25
ORDER BY avg_pm25 DESC
RETURN station, type, round(avg_pm25, 2) AS avg_pm25
LIMIT 10",1.0,0.0,0.0,0.0,0.0,0,0,21.74,execution_failure,Timeout: exceeded 30s,1,1
q197,comparative,medium,3,JP06|JP28|JP11,"MATCH (p:ObservedPM25)-[:RECORDED_BY]->(s:Station)-[:LOCATED_AT]->(l:Location),
      (p)-[:OBSERVED_AT]->(t:ObservationTime)
WHERE l.prefecture_en = 'Yamagata Prefecture'
  AND t.year = 2024
  AND p.pm25 >= 0 AND p.pm25 <= 500
WITH s.stationtype_en AS station_type, round(avg(p.pm25), 2) AS avg_pm25
RETURN station_type, avg_pm25
ORDER BY avg_pm25 DESC",1.0,1.0,0.0,0.8,0.8,0,0,17.966,executed,,1,1
q198,comparative,medium,3,JP06|JP28|JP01,"MATCH (p:ObservedPM25)-[:RECORDED_BY]->(s:Station)-[:LOCATED_AT]->(l:Location)
WHERE l.prefecture_en = 'Okinawa Prefecture'
  AND p.pm25 >= 0 AND p.pm25 <= 500
  AND p.tid CONTAINS '2024' // Assuming tid contains the year information in a format like 'YYYYMMDDHH'
WITH s.stationtype_en AS station_type, avg(p.pm25) AS avg_pm25
RETURN station_type, round(avg_pm25, 2) AS avg_pm25
ORDER BY avg_pm25 DESC
However, the `tid` property is typically structured as a timestamp (e.g., 'YYYYMMDDHH'), so we need to extract the year from it. Here's an improved version of the query that correctly filters by the year 2024:

MATCH (p:ObservedPM25)-[:RECORDED_BY]->(s:Station)-[:LOCATED_AT]->(l:Location)
WHERE l.prefecture_en = 'Okinawa Prefecture'
  AND p.pm25 >= 0 AND p.pm25 <= 500
  AND left(p.tid, 4) = '2024' // Extracting the year from tid and comparing it to '2024'
WITH s.stationtype_en AS station_type, avg(p.pm25) AS avg_pm25
RETURN station_type, round(avg_pm25, 2) AS avg_pm25
ORDER BY avg_pm25 DESC",0.0,0.0,0.0,0.0,0.0,0,0,21.932,execution_failure,"SyntaxError: {neo4j_code: Neo.ClientError.Statement.SyntaxError} {message: Invalid input 'However': expected ',', 'ORDER",1,1
q001,station_filtering,simple,5,JP28|JP06|JP05|JP07|JP13,"MATCH (s:Station)-[:LOCATED_AT]->(l:Location)
WHERE l.prefecture_en = 'Yamaguchi Prefecture' AND s.stationtype_en = 'General Station'
RETURN s.stationname_en AS station_name,
       s.stationtype_en AS station_type,
       l.city_en AS city,
       l.lat AS latitude,
       l.lon AS longitude
ORDER BY s.stationname_en",1.0,1.0,0.0,0.3333,0.3333,0,0,17.698,executed,,0,1
q002,station_filtering,complex,5,JP01|JP05|JP04|JP22|JP27,"MATCH (p:ObservedPM25)-[:RECORDED_BY]->(s:Station)-[:LOCATED_AT]->(l:Location),
      (p)-[:OBSERVED_AT]->(t:ObservationTime)
WHERE l.prefecture_en = 'Tottori Prefecture'
  AND t.season = 'Winter'
  AND p.pm25_level IN ['Unhealthy', 'Very Unhealthy', 'Slightly Unhealthy']
WITH s.stationname_en AS station, s.stationtype_en AS type, count(DISTINCT p) AS unhealthy_count
ORDER BY unhealthy_count DESC
RETURN station, type, unhealthy_count",1.0,1.0,0.0,0.8,0.8,0,0,21.811,executed,,0,1
q003,station_filtering,complex,5,JP01|JP22|JP04|JP06|JP15,"MATCH (p:ObservedPM25)-[:RECORDED_BY]->(s:Station)-[:LOCATED_AT]->(l:Location),
      (p)-[:OBSERVED_AT]->(t:ObservationTime)
WHERE l.prefecture_en = 'Wakayama Prefecture'
  AND p.pm25_level IN ['Unhealthy', 'Very Unhealthy', 'Slightly Unhealthy']
  AND t.season = 'Autumn'
WITH s.stationname_en AS station, count(DISTINCT p) AS unhealthy_count
ORDER BY unhealthy_count DESC
RETURN station, unhealthy_count",1.0,1.0,0.0,1.0,1.0,1,1,18.531,executed,,0,1
q006,station_filtering,simple,5,JP28|JP13|JP06|JP27|JP07,"MATCH (s:Station)-[:LOCATED_AT]->(l:Location)
WHERE l.prefecture_en = 'Akita Prefecture' AND s.stationtype_en = 'General Station'
RETURN s.stationname_en AS station,
       s.stationtype_en AS type,
       l.city_en AS city,
       l.lat AS lat,
       l.lon AS lon
ORDER BY s.stationname_en",1.0,1.0,0.0,0.3333,0.3333,0,0,8.898,executed,,0,1
q007,station_filtering,complex,5,JP01|JP04|JP06|JP05|JP22,"MATCH (p:ObservedPM25)-[:RECORDED_BY]->(s:Station)-[:LOCATED_AT]->(l:Location),
      (p)-[:OBSERVED_AT]->(t:ObservationTime)
WHERE l.prefecture_en = 'Ibaraki Prefecture'
  AND t.season = 'Autumn'
  AND p.pm25_level IN ['Unhealthy', 'Very Unhealthy', 'Slightly Unhealthy']
WITH s.stationname_en AS station, s.stationtype_en AS type, count(DISTINCT p) AS unhealthy_count
ORDER BY unhealthy_count DESC
RETURN station, type, unhealthy_count",1.0,1.0,0.0,0.8,0.8,0,0,17.863,executed,,0,1
q008,station_filtering,complex,5,JP01|JP27|JP04|JP19|JP05,"MATCH (p:ObservedPM25)-[:RECORDED_BY]->(s:Station)-[:LOCATED_AT]->(l:Location),
      (p)-[:OBSERVED_AT]->(t:ObservationTime)
WHERE l.prefecture_en = 'Fukushima Prefecture'
  AND t.season = 'Autumn'
  AND p.pm25_level IN ['Unhealthy', 'Very Unhealthy']
WITH s.stationname_en AS station,
     s.stationtype_en AS type,
     count(p) AS unhealthy_count
ORDER BY unhealthy_count DESC
RETURN station, type, unhealthy_count",1.0,1.0,0.0,0.4516,0.4516,0,0,15.183,executed,,0,1
q009,station_filtering,medium,5,JP01|JP19|JP28|JP27|JP16,"MATCH (p:ObservedPM25)-[:RECORDED_BY]->(s:Station)-[:LOCATED_AT]->(l:Location)
WHERE l.prefecture_en = 'Tokushima Prefecture'
  AND p.pm25_level IN ['Unhealthy', 'Very Unhealthy']
WITH s.stationname_en AS station, count(p) AS unhealthy_count
ORDER BY unhealthy_count DESC
RETURN station, unhealthy_count",1.0,1.0,0.0,0.5,0.5,0,0,13.001,executed,,0,1
q013,station_filtering,medium,5,JP01|JP19|JP06|JP04|JP28,"MATCH (p:ObservedPM25)-[:RECORDED_BY]->(s:Station)-[:LOCATED_AT]->(l:Location)
WHERE l.prefecture_en = 'Hokkaido Prefecture'
  AND p.pm25_level IN ['Unhealthy', 'Very Unhealthy']
WITH s.stationname_en AS station, count(p) AS unhealthy_count
ORDER BY unhealthy_count DESC
RETURN station, unhealthy_count",1.0,1.0,0.0,0.4167,0.4167,0,0,13.344,executed,,0,1
q014,station_filtering,complex,5,JP01|JP04|JP06|JP05|JP19,"MATCH (p:ObservedPM25)-[:RECORDED_BY]->(s:Station)-[:LOCATED_AT]->(l:Location),
      (p)-[:OBSERVED_AT]->(t:ObservationTime)
WHERE l.prefecture_en = 'Hokkaido Prefecture'
  AND t.season = 'Autumn'
  AND p.pm25_level IN ['Unhealthy', 'Very Unhealthy']
WITH s.stationname_en AS station, s.stationtype_en AS type, count(p) AS unhealthy_count
ORDER BY unhealthy_count DESC
RETURN station, type, unhealthy_count",1.0,1.0,0.0,0.439,0.439,0,0,15.449,executed,,0,1
q015,station_filtering,complex,5,JP19|JP07|JP01|JP04|JP05,"MATCH (p:ObservedPM25)-[:RECORDED_BY]->(s:Station)-[:LOCATED_AT]->(l:Location),
      (p)-[:OBSERVED_AT]->(t:ObservationTime)
WHERE l.prefecture_en = 'Fukuoka Prefecture'
  AND t.season = 'Summer'
  AND p.pm25_level IN ['Unhealthy', 'Very Unhealthy']
WITH s.stationname_en AS station,
     t.obsdate AS datetime,
     p.pm25 AS pm25,
     p.pm25_level AS level
ORDER BY station, datetime
RETURN DISTINCT station, datetime, pm25, level",1.0,1.0,0.0,0.0063,0.0063,0,0,20.28,executed,,0,1
q016,station_filtering,complex,5,JP01|JP04|JP05|JP22|JP06,"MATCH (p:ObservedPM25)-[:RECORDED_BY]->(s:Station)-[:LOCATED_AT]->(l:Location),
      (p)-[:OBSERVED_AT]->(t:ObservationTime)
WHERE l.prefecture_en = 'Miyagi Prefecture'
  AND t.season = 'Autumn'
  AND p.pm25_level IN ['Unhealthy', 'Very Unhealthy', 'Slightly Unhealthy']
WITH s.stationname_en AS station, s.stationtype_en AS type, count(p) AS unhealthy_count
ORDER BY unhealthy_count DESC
RETURN station, type, unhealthy_count",1.0,1.0,0.0,0.8,0.8,0,0,16.33,executed,,0,1
q017,station_filtering,simple,5,JP28|JP06|JP27|JP13|JP05,"MATCH (s:Station)-[:LOCATED_AT]->(l:Location)
WHERE l.prefecture_en = 'Chiba Prefecture' AND s.stationtype_en = 'General Station'
RETURN s.stationname_en AS station_name,
       s.stationtype_en AS station_type,
       l.city_en AS city,
       l.street_en AS street",1.0,1.0,0.0,0.3817,0.3817,0,0,8.506,executed,,0,1
q018,station_filtering,medium,5,JP01|JP19|JP16|JP28|JP26,"MATCH (p:ObservedPM25)-[:RECORDED_BY]->(s:Station)-[:LOCATED_AT]->(l:Location)
WHERE l.prefecture_en = 'Ishikawa Prefecture'
  AND p.pm25_level IN ['Unhealthy', 'Very Unhealthy']
WITH s.stationname_en AS station, count(p) AS unhealthy_count
ORDER BY unhealthy_count DESC
RETURN station, unhealthy_count",1.0,1.0,0.0,0.4839,0.4839,0,0,13.527,executed,,0,1
q019,station_filtering,simple,5,JP28|JP07|JP27|JP06|JP02,"MATCH (s:Station)-[:LOCATED_AT]->(l:Location)
WHERE l.prefecture_en = 'Toyama Prefecture'
RETURN count(s) AS station_count",1.0,1.0,0.0,1.0,1.0,1,1,7.018,executed,,0,1
q020,station_filtering,complex,5,JP01|JP27|JP19|JP05|JP04,"MATCH (p:ObservedPM25)-[:RECORDED_BY]->(s:Station)-[:LOCATED_AT]->(l:Location),
      (p)-[:OBSERVED_AT]->(t:ObservationTime)
WHERE l.prefecture_en = 'Fukushima Prefecture'
  AND t.season = 'Summer'
  AND p.pm25_level IN ['Unhealthy', 'Very Unhealthy']
WITH s.stationname_en AS station,
     s.stationtype_en AS type,
     count(p) AS unhealthy_count
ORDER BY unhealthy_count DESC
RETURN station, type, unhealthy_count",1.0,1.0,0.0,0.3673,0.3673,0,0,14.583,executed,,0,1
q021,station_filtering,simple,5,JP06|JP28|JP02|JP05|JP07,"MATCH (s:Station)-[:LOCATED_AT]->(l:Location)
WHERE l.prefecture_en = 'Tochigi Prefecture' AND s.stationtype_en = 'Roadside Station'
RETURN s.stationname_en AS station_name,
       s.stationtype_en AS station_type,
       l.city_en AS city,
       l.lat AS latitude,
       l.lon AS longitude
ORDER BY s.stationname_en",1.0,1.0,0.0,0.3333,0.3333,0,0,9.157,executed,,0,1
q022,station_filtering,complex,5,JP01|JP05|JP27|JP04|JP28,"MATCH (p:ObservedPM25)-[:RECORDED_BY]->(s:Station)-[:LOCATED_AT]->(l:Location)
-[:AT_LOCATION]-(t:ObservationTime)
WHERE l.prefecture_en = 'Mie Prefecture'
  AND t.season = 'Summer'
  AND p.pm25_level IN ['Unhealthy', 'Very Unhealthy', 'Slightly Unhealthy']
RETURN s.stationname_en AS station, s.stationtype_en AS type, count(p) AS unhealthy_count
ORDER BY unhealthy_count DESC",1.0,0.0,0.0,0.0,0.0,0,0,16.199,execution_failure,Timeout: exceeded 30s,0,1
q023,station_filtering,complex,5,JP01|JP27|JP19|JP04|JP05,"MATCH (p:ObservedPM25)-[:RECORDED_BY]->(s:Station)-[:LOCATED_AT]->(l:Location),
      (p)-[:OBSERVED_AT]->(t:ObservationTime)
WHERE l.prefecture_en = 'Tokushima Prefecture'
  AND t.season = 'Spring'
  AND p.pm25_level IN ['Unhealthy', 'Very Unhealthy']
WITH s.stationname_en AS station,
     s.stationtype_en AS type,
     count(p) AS unhealthy_count
ORDER BY unhealthy_count DESC
RETURN station, type, unhealthy_count",1.0,1.0,0.0,0.4,0.4,0,0,14.766,executed,,0,1
q024,station_filtering,complex,5,JP01|JP19|JP27|JP04|JP05,"MATCH (p:ObservedPM25)-[:RECORDED_BY]->(s:Station)-[:LOCATED_AT]->(l:Location),
      (p)-[:OBSERVED_AT]->(t:ObservationTime)
WHERE l.prefecture_en = 'Tokushima Prefecture'
  AND t.season = 'Autumn'
  AND p.pm25_level IN ['Unhealthy', 'Very Unhealthy']
WITH s.stationname_en AS station,
     s.stationtype_en AS type,
     count(p) AS unhealthy_count
ORDER BY unhealthy_count DESC
RETURN station, type, unhealthy_count",1.0,1.0,0.0,0.5,0.5,0,0,15.188,executed,,0,1
q027,station_filtering,complex,5,JP01|JP04|JP22|JP19|JP06,"MATCH (p:ObservedPM25)-[:RECORDED_BY]->(s:Station)-[:LOCATED_AT]->(l:Location),
      (p)-[:OBSERVED_AT]->(t:ObservationTime)
WHERE l.prefecture_en = 'Nagano Prefecture'
  AND t.season = 'Spring'
  AND p.pm25_level IN ['Unhealthy', 'Very Unhealthy']
WITH s.stationname_en AS station, count(DISTINCT p) AS unhealthy_count
ORDER BY unhealthy_count DESC
RETURN station, unhealthy_count",1.0,1.0,0.0,0.5,0.5,0,0,18.177,executed,,0,1
q028,station_filtering,simple,5,JP28|JP07|JP13|JP27|JP06,"MATCH (s:Station)-[:LOCATED_AT]->(l:Location)
WHERE l.prefecture_en = 'Okayama Prefecture' AND s.stationtype_en = 'General Station'
RETURN s.stationname_en AS station,
       s.stationtype_en AS type,
       l.city_en AS city,
       l.lat AS lat,
       l.lon AS lon
ORDER BY s.stationname_en",1.0,1.0,0.0,0.3333,0.3333,0,0,9.401,executed,,0,1
q029,station_filtering,complex,5,JP01|JP04|JP05|JP02|JP22,"MATCH (p:ObservedPM25)-[:RECORDED_BY]->(s:Station)-[:LOCATED_AT]->(l:Location),
      (p)-[:OBSERVED_AT]->(t:ObservationTime)
WHERE l.prefecture_en = 'Tochigi Prefecture'
  AND t.season = 'Autumn'
  AND p.pm25_level IN ['Unhealthy', 'Very Unhealthy', 'Slightly Unhealthy']
WITH s.stationname_en AS station, s.stationtype_en AS type, count(DISTINCT p) AS unhealthy_count
ORDER BY unhealthy_count DESC
RETURN station, type, unhealthy_count",1.0,1.0,0.0,0.8,0.8,0,0,17.807,executed,,0,1
q030,station_filtering,medium,5,JP01|JP16|JP19|JP28|JP27,"MATCH (p:ObservedPM25)-[:RECORDED_BY]->(s:Station)-[:LOCATED_AT]->(l:Location)
WHERE l.prefecture_en = 'Mie Prefecture'
  AND p.pm25_level IN ['Unhealthy', 'Very Unhealthy']
WITH s.stationname_en AS station, count(p) AS unhealthy_count
ORDER BY unhealthy_count DESC
RETURN station, unhealthy_count",1.0,1.0,0.0,0.4444,0.4444,0,0,12.572,executed,,0,1
q032,station_filtering,simple,5,JP06|JP07|JP28|JP05|JP03,"MATCH (s:Station)-[:LOCATED_AT]->(l:Location)
WHERE l.prefecture_en = 'Hiroshima Prefecture' AND s.stationtype_en = 'Roadside Station'
RETURN s.stationname_en AS station,
       s.stationtype_en AS type,
       l.city_en AS city,
       l.lat AS lat,
       l.lon AS lon
ORDER BY s.stationname_en",1.0,1.0,0.0,0.3333,0.3333,0,0,9.378,executed,,0,1
q034,station_filtering,complex,5,JP01|JP04|JP22|JP05|JP15,"MATCH (p:ObservedPM25)-[:RECORDED_BY]->(s:Station)-[:LOCATED_AT]->(l:Location),
      (p)-[:OBSERVED_AT]->(t:ObservationTime)
WHERE l.prefecture_en = 'Fukui Prefecture'
  AND p.pm25_level IN ['Unhealthy', 'Very Unhealthy']
  AND t.season = 'Spring'
WITH s.stationname_en AS station, count(DISTINCT p) AS unhealthy_count
ORDER BY unhealthy_count DESC
RETURN station, unhealthy_count",1.0,1.0,0.0,0.5,0.5,0,0,18.447,executed,,0,1
q035,station_filtering,complex,5,JP01|JP05|JP04|JP22|JP27,"MATCH (p:ObservedPM25)-[:RECORDED_BY]->(s:Station)-[:LOCATED_AT]->(l:Location),
      (p)-[:OBSERVED_AT]->(t:ObservationTime)
WHERE l.prefecture_en = 'Miyagi Prefecture'
  AND t.season = 'Winter'
  AND p.pm25_level IN ['Unhealthy', 'Very Unhealthy', 'Slightly Unhealthy']
WITH s.stationname_en AS station, s.stationtype_en AS type, count(DISTINCT p) AS unhealthy_count
ORDER BY unhealthy_count DESC
RETURN station, type, unhealthy_count",1.0,1.0,0.0,0.6612,0.6612,0,0,21.717,executed,,0,1
q036,station_filtering,medium,5,JP01|JP19|JP16|JP17|JP04,"MATCH (p:ObservedPM25)-[:RECORDED_BY]->(s:Station)-[:LOCATED_AT]->(l:Location)
WHERE l.prefecture_en = 'Nagano Prefecture'
  AND p.pm25_level IN ['Unhealthy', 'Very Unhealthy']
WITH s.stationname_en AS station, count(p) AS unhealthy_count
ORDER BY unhealthy_count DESC
RETURN station, unhealthy_count",1.0,1.0,0.0,0.5,0.5,0,0,14.752,executed,,0,1
q038,station_filtering,complex,5,JP01|JP05|JP04|JP28|JP19,"MATCH (p:ObservedPM25)-[:RECORDED_BY]->(s:Station)-[:LOCATED_AT]->(l:Location),
      (p)-[:OBSERVED_AT]->(t:ObservationTime)
WHERE l.prefecture_en = 'Niigata Prefecture'
  AND t.season = 'Autumn'
  AND p.pm25_level IN ['Unhealthy', 'Very Unhealthy']
WITH s.stationname_en AS station, s.stationtype_en AS type, count(p) AS unhealthy_count
ORDER BY unhealthy_count DESC
RETURN station, type, unhealthy_count",1.0,1.0,0.0,0.5397,0.5397,0,0,18.519,executed,,0,1
q039,station_filtering,medium,5,JP01|JP16|JP19|JP04|JP17,"MATCH (p:ObservedPM25)-[:RECORDED_BY]->(s:Station)-[:LOCATED_AT]->(l:Location)
WHERE l.prefecture_en = 'Kochi Prefecture'
  AND p.pm25_level IN ['Unhealthy', 'Very Unhealthy']
WITH s.stationname_en AS station, count(p) AS unhealthy_count
ORDER BY unhealthy_count DESC
RETURN station, unhealthy_count",1.0,1.0,0.0,0.5,0.5,0,0,16.338,executed,,0,1
q040,station_filtering,simple,5,JP28|JP06|JP05|JP27|JP07,"MATCH (s:Station)-[:LOCATED_AT]->(l:Location)
WHERE l.prefecture_en = 'Hokkaido Prefecture' AND s.stationtype_en = 'General Station'
RETURN s.stationname_en AS station,
       s.stationtype_en AS type,
       l.city_en AS city,
       l.lat AS lat,
       l.lon AS lon
ORDER BY s.stationname_en",1.0,1.0,0.0,0.3333,0.3333,0,0,10.49,executed,,0,1
q043,aggregate,medium,5,JP05|JP14|JP02|JP04|JP12,"MATCH (p:ObservedPM25)-[:OBSERVED_AT]->(t:ObservationTime)-[:AT_LOCATION]->(l:Location)
WHERE l.prefecture_en = 'Akita Prefecture'
  AND t.season = 'Winter'
  AND t.year = 2024
  AND p.pm25 >= 0 AND p.pm25 <= 500
RETURN round(avg(p.pm25), 2) AS avg_pm25,
       count(p) AS total_readings",1.0,1.0,0.0,0.8,0.8,0,0,11.981,executed,,1,1
q044,aggregate,medium,5,JP05|JP14|JP04|JP02|JP12,"MATCH (p:ObservedPM25)-[:OBSERVED_AT]->(t:ObservationTime)-[:AT_LOCATION]->(l:Location)
WHERE l.prefecture_en = 'Kumamoto Prefecture'
  AND t.season = 'Winter'
  AND t.year = 2022
  AND p.pm25 >= 0 AND p.pm25 <= 500
RETURN round(avg(p.pm25), 2) AS avg_pm25",1.0,1.0,0.0,0.5,0.5,0,0,10.709,executed,,1,1
q045,aggregate,medium,5,JP05|JP14|JP02|JP04|JP17,"MATCH (p:ObservedPM25)-[:OBSERVED_AT]->(t:ObservationTime)-[:AT_LOCATION]->(l:Location)
WHERE l.prefecture_en = 'Nagasaki Prefecture'
  AND t.year = 2021
  AND t.season = 'Winter'
  AND p.pm25 >= 0 AND p.pm25 <= 500
RETURN round(avg(p.pm25), 2) AS avg_pm25,
       count(p) AS total_readings",1.0,1.0,0.0,0.8,0.8,0,0,9.901,executed,,1,1
q046,aggregate,medium,5,JP02|JP14|JP05|JP04|JP03,"MATCH (p:ObservedPM25)-[:OBSERVED_AT]->(t:ObservationTime)-[:AT_LOCATION]->(l:Location)
WHERE l.prefecture_en = 'Oita Prefecture'
  AND t.year = 2019
  AND t.season = 'Summer'
  AND p.pm25 >= 0 AND p.pm25 <= 500
RETURN l.prefecture_en AS prefecture,
       round(avg(p.pm25), 2) AS avg_pm25,
       count(p) AS total_readings",1.0,1.0,0.0,0.6667,0.6667,0,0,10.574,executed,,1,1
q047,aggregate,medium,5,JP17|JP16|JP04|JP01|JP22,"MATCH (p:ObservedPM25)-[:OBSERVED_AT]->(t:ObservationTime)-[:AT_LOCATION]->(l:Location)
WHERE l.prefecture_en = 'Shizuoka Prefecture'
  AND t.year = 2025
  AND p.pm25 >= 0 AND p.pm25 <= 500
WITH p.pm25_level AS level, count(p) AS cnt
ORDER BY level
RETURN level, cnt",1.0,1.0,0.0,0.8182,0.8182,0,0,19.499,executed,,0,1
q048,aggregate,medium,5,JP05|JP02|JP14|JP12|JP04,"MATCH (p:ObservedPM25)-[:OBSERVED_AT]->(t:ObservationTime)-[:AT_LOCATION]->(l:Location)
WHERE l.prefecture_en = 'Shimane Prefecture'
  AND t.season = 'Winter'
  AND t.year = 2019
  AND p.pm25 >= 0 AND p.pm25 <= 500
RETURN round(avg(p.pm25), 2) AS avg_pm25,
       count(p) AS total_readings",1.0,1.0,0.0,0.8,0.8,0,0,11.067,executed,,1,1
q049,aggregate,medium,5,JP05|JP02|JP14|JP04|JP12,"MATCH (p:ObservedPM25)-[:OBSERVED_AT]->(t:ObservationTime)-[:AT_LOCATION]->(l:Location)
WHERE l.prefecture_en = 'Ibaraki Prefecture'
  AND t.season = 'Winter'
  AND t.year = 2019
  AND p.pm25 >= 0 AND p.pm25 <= 500
RETURN round(avg(p.pm25), 2) AS avg_pm25,
       count(p) AS total_readings",1.0,1.0,0.0,0.8,0.8,0,0,10.093,executed,,1,1
q050,aggregate,medium,5,JP02|JP05|JP14|JP04|JP26,"MATCH (p:ObservedPM25)-[:OBSERVED_AT]->(t:ObservationTime)-[:AT_LOCATION]->(l:Location)
WHERE l.prefecture_en = 'Mie Prefecture'
  AND t.season = 'Spring'
  AND t.year = 2025
  AND p.pm25 >= 0 AND p.pm25 <= 500
RETURN l.prefecture_en AS prefecture,
       round(avg(p.pm25), 2) AS avg_pm25,
       count(p) AS total_readings",1.0,1.0,0.0,0.6667,0.6667,0,0,10.869,executed,,1,1
q051,aggregate,medium,5,JP14|JP02|JP17|JP04|JP26,"MATCH (p:ObservedPM25)-[:OBSERVED_AT]->(t:ObservationTime)-[:AT_LOCATION]->(l:Location)
WHERE l.prefecture_en = 'Nagasaki Prefecture'
  AND t.year = 2023
  AND t.season = 'Spring'
  AND p.pm25 >= 0 AND p.pm25 <= 500
RETURN l.prefecture_en AS prefecture,
       round(avg(p.pm25), 2) AS avg_pm25,
       count(p) AS total_readings",1.0,1.0,0.0,0.6667,0.6667,0,0,10.8,executed,,1,1
q052,aggregate,medium,5,JP05|JP14|JP02|JP04|JP12,"MATCH (p:ObservedPM25)-[:OBSERVED_AT]->(t:ObservationTime)-[:AT_LOCATION]->(l:Location)
WHERE l.prefecture_en = 'Yamaguchi Prefecture'
  AND t.season = 'Winter'
  AND t.year = 2022
  AND p.pm25 >= 0 AND p.pm25 <= 500
RETURN round(avg(p.pm25), 2) AS avg_pm25",1.0,1.0,0.0,0.5,0.5,0,0,9.73,executed,,1,1
q053,aggregate,medium,5,JP02|JP14|JP04|JP05|JP26,"MATCH (p:ObservedPM25)-[:OBSERVED_AT]->(t:ObservationTime)-[:AT_LOCATION]->(l:Location)
WHERE l.prefecture_en = 'Shiga Prefecture'
  AND t.year = 2021
  AND t.season = 'Autumn'
  AND p.pm25 >= 0 AND p.pm25 <= 500
RETURN l.prefecture_en AS prefecture,
       round(avg(p.pm25), 2) AS avg_pm25,
       count(p) AS total_readings",1.0,1.0,0.0,0.6667,0.6667,0,0,10.96,executed,,1,1
q055,aggregate,medium,5,JP02|JP05|JP14|JP04|JP26,"MATCH (p:ObservedPM25)-[:OBSERVED_AT]->(t:ObservationTime)-[:AT_LOCATION]->(l:Location)
WHERE l.prefecture_en = 'Mie Prefecture'
  AND t.year = 2021
  AND t.season = 'Spring'
  AND p.pm25 >= 0 AND p.pm25 <= 500
RETURN l.prefecture_en AS prefecture,
       round(avg(p.pm25), 2) AS avg_pm25,
       count(p) AS total_readings",1.0,1.0,0.0,0.6667,0.6667,0,0,10.861,executed,,1,1
q056,aggregate,medium,5,JP02|JP14|JP04|JP05|JP17,"MATCH (p:ObservedPM25)-[:OBSERVED_AT]->(t:ObservationTime)-[:AT_LOCATION]->(l:Location)
WHERE l.prefecture_en = 'Saitama Prefecture'
  AND t.year = 2019
  AND t.season = 'Autumn'
  AND p.pm25 >= 0 AND p.pm25 <= 500
RETURN l.prefecture_en AS prefecture,
       round(avg(p.pm25), 2) AS avg_pm25,
       count(p) AS total_readings",1.0,1.0,0.0,0.6667,0.6667,0,0,10.898,executed,,1,1
q057,aggregate,medium,5,JP07|JP14|JP19|JP05|JP04,"MATCH (p:ObservedPM25)-[:OBSERVED_AT]->(t:ObservationTime)-[:AT_LOCATION]->(l:Location)
WHERE l.prefecture_en = 'Fukuoka Prefecture'
  AND t.year = 2024
  AND t.season = 'Summer'
  AND p.pm25 >= 0 AND p.pm25 <= 500
RETURN round(avg(p.pm25), 2) AS avg_pm25",1.0,1.0,0.0,0.5,0.5,0,0,10.355,executed,,1,1
q059,aggregate,medium,5,JP14|JP02|JP04|JP05|JP03,"MATCH (p:ObservedPM25)-[:OBSERVED_AT]->(t:ObservationTime)-[:AT_LOCATION]->(l:Location)
WHERE l.prefecture_en = 'Kyoto Prefecture'
  AND t.year = 2018
  AND t.season = 'Spring'
  AND p.pm25 >= 0 AND p.pm25 <= 500
RETURN l.prefecture_en AS prefecture,
       round(avg(p.pm25), 2) AS avg_pm25,
       count(p) AS total_readings",1.0,1.0,0.0,0.6667,0.6667,0,0,10.72,executed,,1,1
q060,aggregate,medium,5,JP05|JP02|JP14|JP04|JP12,"MATCH (p:ObservedPM25)-[:OBSERVED_AT]->(t:ObservationTime)-[:AT_LOCATION]->(l:Location)
WHERE l.prefecture_en = 'Oita Prefecture'
  AND t.season = 'Winter'
  AND t.year = 2025
  AND p.pm25 >= 0 AND p.pm25 <= 500
RETURN l.prefecture_en AS prefecture,
       round(avg(p.pm25), 2) AS avg_pm25,
       count(p) AS total_readings",1.0,1.0,0.0,0.6667,0.6667,0,0,10.504,executed,,1,1
q061,aggregate,medium,5,JP14|JP02|JP05|JP04|JP03,"MATCH (p:ObservedPM25)-[:OBSERVED_AT]->(t:ObservationTime)-[:AT_LOCATION]->(l:Location)
WHERE l.prefecture_en = 'Okinawa Prefecture'
  AND t.year = 2018
  AND t.season = 'Summer'
  AND p.pm25 >= 0 AND p.pm25 <= 500
RETURN l.prefecture_en AS prefecture,
       round(avg(p.pm25), 2) AS avg_pm25,
       count(p) AS total_readings",1.0,1.0,0.0,0.6667,0.6667,0,0,10.848,executed,,1,1
q062,aggregate,medium,5,JP05|JP14|JP02|JP04|JP26,"MATCH (p:ObservedPM25)-[:OBSERVED_AT]->(t:ObservationTime)-[:AT_LOCATION]->(l:Location)
WHERE l.prefecture_en = 'Osaka Prefecture'
  AND t.year = 2023
  AND t.season = 'Winter'
  AND p.pm25 >= 0 AND p.pm25 <= 500
RETURN l.prefecture_en AS prefecture,
       round(avg(p.pm25), 2) AS avg_pm25,
       count(p) AS total_readings",1.0,1.0,0.0,0.6667,0.6667,0,0,10.751,executed,,1,1
q063,aggregate,medium,5,JP02|JP14|JP05|JP04|JP08,"MATCH (p:ObservedPM25)-[:OBSERVED_AT]->(t:ObservationTime)-[:AT_LOCATION]->(l:Location)
WHERE l.prefecture_en = 'Miyagi Prefecture'
  AND t.year = 2022
  AND t.season = 'Spring'
  AND p.pm25 >= 0 AND p.pm25 <= 500
RETURN l.prefecture_en AS prefecture,
       round(avg(p.pm25), 2) AS avg_pm25,
       count(p) AS total_readings",1.0,1.0,0.0,0.6667,0.6667,0,0,10.893,executed,,1,1
q064,aggregate,medium,5,JP02|JP05|JP14|JP04|JP26,"MATCH (p:ObservedPM25)-[:OBSERVED_AT]->(t:ObservationTime)-[:AT_LOCATION]->(l:Location)
WHERE l.prefecture_en = 'Miyagi Prefecture'
  AND t.year = 2021
  AND t.season = 'Spring'
  AND p.pm25 >= 0 AND p.pm25 <= 500
RETURN l.prefecture_en AS prefecture,
       round(avg(p.pm25), 2) AS avg_pm25,
       count(p) AS total_readings",1.0,1.0,0.0,0.6667,0.6667,0,0,10.935,executed,,1,1
q065,aggregate,medium,5,JP16|JP17|JP01|JP04|JP26,"MATCH (p:ObservedPM25)-[:OBSERVED_AT]->(t:ObservationTime)-[:AT_LOCATION]->(l:Location)
WHERE l.prefecture_en = 'Toyama Prefecture'
  AND t.year = 2019
  AND p.pm25 >= 0 AND p.pm25 <= 500
WITH p.pm25_level AS level, count(p) AS cnt
ORDER BY level
RETURN level, cnt",1.0,1.0,0.0,0.9091,0.9091,0,0,14.135,executed,,0,1
q068,aggregate,medium,5,JP02|JP14|JP17|JP04|JP05,"MATCH (p:ObservedPM25)-[:OBSERVED_AT]->(t:ObservationTime)-[:AT_LOCATION]->(l:Location)
WHERE l.prefecture_en = 'Nagasaki Prefecture'
  AND t.year = 2021
  AND t.season = 'Autumn'
  AND p.pm25 >= 0 AND p.pm25 <= 500
RETURN l.prefecture_en AS prefecture,
       round(avg(p.pm25), 2) AS avg_pm25,
       count(p) AS total_readings",1.0,1.0,0.0,0.6667,0.6667,0,0,10.793,executed,,1,1
q070,aggregate,medium,5,JP02|JP14|JP04|JP05|JP08,"MATCH (p:ObservedPM25)-[:OBSERVED_AT]->(t:ObservationTime)-[:AT_LOCATION]->(l:Location)
WHERE l.prefecture_en = 'Ibaraki Prefecture'
  AND t.year = 2022
  AND t.season = 'Spring'
  AND p.pm25 >= 0 AND p.pm25 <= 500
RETURN l.prefecture_en AS prefecture,
       round(avg(p.pm25), 2) AS avg_pm25,
       count(p) AS total_readings",1.0,1.0,0.0,0.6667,0.6667,0,0,10.752,executed,,1,1
q071,aggregate,medium,5,JP02|JP05|JP14|JP04|JP12,"MATCH (p:ObservedPM25)-[:OBSERVED_AT]->(t:ObservationTime)-[:AT_LOCATION]->(l:Location)
WHERE l.prefecture_en = 'Iwate Prefecture'
  AND t.year = 2023
  AND t.season = 'Summer'
  AND p.pm25 >= 0 AND p.pm25 <= 500
RETURN l.prefecture_en AS prefecture,
       round(avg(p.pm25), 2) AS avg_pm25,
       count(p) AS total_readings",1.0,1.0,0.0,0.6667,0.6667,0,0,10.834,executed,,1,1
q073,aggregate,medium,5,JP02|JP14|JP05|JP04|JP26,"MATCH (p:ObservedPM25)-[:OBSERVED_AT]->(t:ObservationTime)-[:AT_LOCATION]->(l:Location)
WHERE l.prefecture_en = 'Saga Prefecture'
  AND t.year = 2020
  AND t.season = 'Autumn'
  AND p.pm25 >= 0 AND p.pm25 <= 500
RETURN l.prefecture_en AS prefecture,
       round(avg(p.pm25), 2) AS avg_pm25,
       count(p) AS total_readings",1.0,1.0,0.0,0.6667,0.6667,0,0,10.741,executed,,1,1
q074,aggregate,medium,5,JP14|JP02|JP04|JP05|JP08,"MATCH (p:ObservedPM25)-[:OBSERVED_AT]->(t:ObservationTime)-[:AT_LOCATION]->(l:Location)
WHERE l.prefecture_en = 'Kanagawa Prefecture'
  AND t.year = 2023
  AND t.season = 'Summer'
  AND p.pm25 >= 0 AND p.pm25 <= 500
RETURN l.prefecture_en AS prefecture,
       round(avg(p.pm25), 2) AS avg_pm25,
       count(p) AS total_readings",1.0,1.0,0.0,0.6667,0.6667,0,0,10.508,executed,,1,1
q075,aggregate,medium,5,JP02|JP05|JP14|JP04|JP12,"MATCH (p:ObservedPM25)-[:OBSERVED_AT]->(t:ObservationTime)-[:AT_LOCATION]->(l:Location)
WHERE l.prefecture_en = 'Aichi Prefecture'
  AND t.year = 2023
  AND t.season = 'Winter'
  AND p.pm25 >= 0 AND p.pm25 <= 500
RETURN l.prefecture_en AS prefecture,
       round(avg(p.pm25), 2) AS avg_pm25,
       count(p) AS total_readings",1.0,1.0,0.0,0.6667,0.6667,0,0,10.799,executed,,1,1
q076,aggregate,medium,5,JP02|JP05|JP14|JP04|JP12,"MATCH (p:ObservedPM25)-[:OBSERVED_AT]->(t:ObservationTime)-[:AT_LOCATION]->(l:Location)
WHERE l.prefecture_en = 'Okayama Prefecture'
  AND t.year = 2019
  AND t.season = 'Winter'
  AND p.pm25 >= 0 AND p.pm25 <= 500
RETURN l.prefecture_en AS prefecture,
       round(avg(p.pm25), 2) AS avg_pm25,
       count(p) AS total_readings",1.0,1.0,0.0,0.6667,0.6667,0,0,9.888,executed,,1,1
q077,aggregate,medium,5,JP05|JP02|JP14|JP04|JP12,"MATCH (p:ObservedPM25)-[:OBSERVED_AT]->(t:ObservationTime)-[:AT_LOCATION]->(l:Location)
WHERE l.prefecture_en = 'Miyagi Prefecture'
  AND t.season = 'Winter'
  AND t.year = 2020
  AND p.pm25 >= 0 AND p.pm25 <= 500
RETURN l.prefecture_en AS prefecture,
       round(avg(p.pm25), 2) AS avg_pm25,
       count(p) AS total_readings",1.0,1.0,0.0,0.6667,0.6667,0,0,10.931,executed,,1,1
q079,aggregate,medium,5,JP02|JP16|JP17|JP04|JP26,"MATCH (p:ObservedPM25)-[:OBSERVED_AT]->(t:ObservationTime)-[:AT_LOCATION]->(l:Location)
WHERE l.prefecture_en = 'Aichi Prefecture'
  AND t.year = 2020
  AND p.pm25 >= 0 AND p.pm25 <= 500
RETURN p.pm25_level AS pm25_level,
       count(p) AS reading_count
ORDER BY pm25_level",1.0,1.0,0.0,0.9091,0.9091,0,0,11.227,executed,,0,1
q080,aggregate,medium,5,JP02|JP14|JP04|JP05|JP16,"MATCH (p:ObservedPM25)-[:OBSERVED_AT]->(t:ObservationTime)-[:AT_LOCATION]->(l:Location)
WHERE l.prefecture_en = 'Gunma Prefecture'
  AND t.year = 2024
  AND t.season = 'Summer'
  AND p.pm25 >= 0 AND p.pm25 <= 500
RETURN l.prefecture_en AS prefecture,
       round(avg(p.pm25), 2) AS avg_pm25,
       count(p) AS total_readings",1.0,1.0,0.0,0.6667,0.6667,0,0,10.461,executed,,1,1
q081,aggregate,medium,5,JP14|JP05|JP04|JP02|JP08,"MATCH (p:ObservedPM25)-[:OBSERVED_AT]->(t:ObservationTime)-[:AT_LOCATION]->(l:Location)
WHERE l.prefecture_en = 'Hokkaido Prefecture'
  AND t.year = 2023
  AND t.season = 'Summer'
  AND p.pm25 >= 0 AND p.pm25 <= 500
RETURN round(avg(p.pm25), 2) AS avg_pm25,
       count(p) AS total_readings",1.0,1.0,0.0,0.8,0.8,0,0,10.101,executed,,1,1
q082,aggregate,medium,5,JP02|JP14|JP05|JP04|JP26,"MATCH (p:ObservedPM25)-[:OBSERVED_AT]->(t:ObservationTime)-[:AT_LOCATION]->(l:Location)
WHERE l.prefecture_en = 'Tochigi Prefecture'
  AND t.season = 'Autumn'
  AND t.year = 2024
  AND p.pm25 >= 0 AND p.pm25 <= 500
RETURN l.prefecture_en AS prefecture,
       round(avg(p.pm25), 2) AS avg_pm25,
       count(p) AS total_readings",1.0,1.0,0.0,0.6667,0.6667,0,0,10.967,executed,,1,1
q083,aggregate,medium,5,JP14|JP02|JP05|JP04|JP03,"MATCH (p:ObservedPM25)-[:OBSERVED_AT]->(t:ObservationTime)-[:AT_LOCATION]->(l:Location)
WHERE l.prefecture_en = 'Kyoto Prefecture'
  AND t.year = 2018
  AND t.season = 'Summer'
  AND p.pm25 >= 0 AND p.pm25 <= 500
RETURN l.prefecture_en AS prefecture,
       round(avg(p.pm25), 2) AS avg_pm25,
       count(p) AS total_readings",1.0,1.0,0.0,0.6667,0.6667,0,0,10.693,executed,,1,1
q085,aggregate,medium,5,JP05|JP14|JP02|JP12|JP04,"MATCH (p:ObservedPM25)-[:OBSERVED_AT]->(t:ObservationTime)-[:AT_LOCATION]->(l:Location)
WHERE l.prefecture_en = 'Tottori Prefecture'
  AND t.season = 'Winter'
  AND t.year = 2024
  AND p.pm25 >= 0 AND p.pm25 <= 500
RETURN round(avg(p.pm25), 2) AS avg_pm25",1.0,1.0,0.0,0.5,0.5,0,0,9.613,executed,,1,1
q086,aggregate,medium,5,JP17|JP04|JP26|JP01|JP16,"MATCH (p:ObservedPM25)-[:OBSERVED_AT]->(t:ObservationTime)-[:AT_LOCATION]->(l:Location)
WHERE l.prefecture_en = 'Yamagata Prefecture'
  AND t.year = 2025
  AND p.pm25 >= 0 AND p.pm25 <= 500
WITH p.pm25_level AS level, count(p) AS cnt
ORDER BY level
RETURN level, cnt",1.0,1.0,0.0,0.9091,0.9091,0,0,13.302,executed,,0,1
q088,aggregate,medium,5,JP05|JP02|JP14|JP04|JP12,"MATCH (p:ObservedPM25)-[:OBSERVED_AT]->(t:ObservationTime)-[:AT_LOCATION]->(l:Location)
WHERE l.prefecture_en = 'Ibaraki Prefecture'
  AND t.season = 'Winter'
  AND t.year = 2020
  AND p.pm25 >= 0 AND p.pm25 <= 500
RETURN round(avg(p.pm25), 2) AS avg_pm25,
       count(p) AS total_readings",1.0,1.0,0.0,0.8,0.8,0,0,10.613,executed,,1,1
q090,aggregate,medium,5,JP17|JP01|JP04|JP16|JP13,"MATCH (p:ObservedPM25)-[:OBSERVED_AT]->(t:ObservationTime)-[:AT_LOCATION]->(l:Location)
WHERE l.prefecture_en = 'Kagoshima Prefecture'
  AND t.year = 2018
  AND p.pm25 >= 0 AND p.pm25 <= 500
WITH p.pm25_level AS level, count(p) AS cnt
ORDER BY level
RETURN level, cnt",1.0,1.0,0.0,0.8182,0.8182,0,0,14.362,executed,,0,1
q092,temporal,complex,5,JP04|JP02|JP14|JP05|JP26,"MATCH (p:ObservedPM25)-[:OBSERVED_AT]->(t:ObservationTime)-[:AT_LOCATION]->(l:Location)
WHERE l.prefecture_en = 'Aomori Prefecture'
  AND t.year = 2020
  AND p.pm25 >= 0 AND p.pm25 <= 500
RETURN t.season AS season,
       round(avg(p.pm25), 2) AS avg_pm25,
       count(p) AS readings
ORDER BY avg_pm25 DESC",1.0,1.0,0.0,0.8,0.8,0,0,16.184,executed,,1,1
q093,temporal,complex,5,JP02|JP14|JP15|JP08|JP04,"MATCH (p:ObservedPM25)-[:OBSERVED_AT]->(t:ObservationTime)-[:AT_LOCATION]->(l:Location)
WHERE l.prefecture_en = 'Iwate Prefecture'
  AND p.pm25 >= 0 AND p.pm25 <= 500
RETURN t.year AS year,
       round(avg(p.pm25), 2) AS avg_pm25,
       count(p) AS readings
ORDER BY year",1.0,0.0,0.0,0.0,0.0,0,0,10.356,execution_failure,Timeout: exceeded 30s,1,1
q094,temporal,complex,5,JP14|JP02|JP04|JP05|JP08,"MATCH (p:ObservedPM25)-[:OBSERVED_AT]->(t:ObservationTime)-[:AT_LOCATION]->(l:Location)
WHERE l.prefecture_en = 'Gunma Prefecture'
  AND t.year = 2025
  AND p.pm25 >= 0 AND p.pm25 <= 500
RETURN t.month AS month,
       t.month_name AS month_name,
       round(avg(p.pm25), 2) AS avg_pm25
ORDER BY month",1.0,1.0,0.0,0.8,0.8,0,0,10.083,executed,,1,1
q095,temporal,complex,5,JP14|JP02|JP04|JP05|JP08,"MATCH (p:ObservedPM25)-[:OBSERVED_AT]->(t:ObservationTime)-[:AT_LOCATION]->(l:Location)
WHERE l.prefecture_en = 'Tottori Prefecture'
  AND t.year = 2025
  AND p.pm25 >= 0 AND p.pm25 <= 500
RETURN t.month AS month,
       t.month_name AS month_name,
       round(avg(p.pm25), 2) AS avg_pm25
ORDER BY month",1.0,1.0,0.0,0.8,0.8,0,0,10.837,executed,,1,1
q097,temporal,complex,5,JP14|JP27|JP04|JP02|JP08,"MATCH (p:ObservedPM25)-[:OBSERVED_AT]->(t:ObservationTime)-[:AT_LOCATION]->(l:Location)
WHERE l.prefecture_en = 'Tokushima Prefecture'
  AND t.year = 2025
  AND p.pm25 >= 0 AND p.pm25 <= 500
RETURN t.month AS month,
       t.month_name AS month_name,
       round(avg(p.pm25), 2) AS avg_pm25
ORDER BY month",1.0,1.0,0.0,0.8,0.8,0,0,10.527,executed,,1,1
q098,temporal,complex,5,JP14|JP02|JP04|JP05|JP08,"MATCH (p:ObservedPM25)-[:OBSERVED_AT]->(t:ObservationTime)-[:AT_LOCATION]->(l:Location)
WHERE l.prefecture_en = 'Kumamoto Prefecture'
  AND t.year = 2022
  AND p.pm25 >= 0 AND p.pm25 <= 500
RETURN t.month AS month,
       t.month_name AS month_name,
       round(avg(p.pm25), 2) AS avg_pm25
ORDER BY month",1.0,1.0,0.0,0.8,0.8,0,0,10.517,executed,,1,1
q099,temporal,complex,5,JP14|JP02|JP04|JP05|JP08,"MATCH (p:ObservedPM25)-[:OBSERVED_AT]->(t:ObservationTime)-[:AT_LOCATION]->(l:Location)
WHERE l.prefecture_en = 'Ibaraki Prefecture'
  AND t.year = 2018
  AND p.pm25 >= 0 AND p.pm25 <= 500
RETURN t.month AS month,
       t.month_name AS month_name,
       round(avg(p.pm25), 2) AS avg_pm25
ORDER BY month",1.0,1.0,0.0,0.8,0.8,0,0,10.085,executed,,1,1
q102,temporal,complex,5,JP04|JP02|JP05|JP14|JP22,"MATCH (p:ObservedPM25)-[:OBSERVED_AT]->(t:ObservationTime)-[:AT_LOCATION]->(l:Location)
WHERE l.prefecture_en = 'Oita Prefecture'
  AND t.year = 2018
  AND p.pm25 >= 0 AND p.pm25 <= 500
  AND t.season IS NOT NULL
RETURN t.season AS season,
       round(avg(p.pm25), 2) AS avg_pm25,
       count(p) AS readings
ORDER BY avg_pm25 DESC",1.0,1.0,0.0,0.8,0.8,0,0,16.227,executed,,1,1
q103,temporal,complex,5,JP04|JP14|JP05|JP08|JP06,"MATCH (p:ObservedPM25)-[:OBSERVED_AT]->(t:ObservationTime)-[:AT_LOCATION]->(l:Location)
WHERE l.prefecture_en = 'Hokkaido Prefecture'
  AND t.year = 2021
  AND p.pm25 >= 0 AND p.pm25 <= 500
RETURN t.season AS season,
       round(avg(p.pm25), 2) AS avg_pm25,
       count(p) AS readings
ORDER BY avg_pm25 DESC",1.0,1.0,0.0,0.8,0.8,0,0,11.626,executed,,1,1
q104,temporal,complex,5,JP14|JP02|JP04|JP05|JP26,"MATCH (p:ObservedPM25)-[:OBSERVED_AT]->(t:ObservationTime)-[:AT_LOCATION]->(l:Location)
WHERE l.prefecture_en = 'Hiroshima Prefecture'
  AND t.year = 2018
  AND p.pm25 >= 0 AND p.pm25 <= 500
RETURN t.month AS month,
       t.month_name AS month_name,
       round(avg(p.pm25), 2) AS avg_pm25
ORDER BY month",1.0,1.0,0.0,0.8,0.8,0,0,9.836,executed,,1,1
q105,temporal,complex,5,JP04|JP14|JP02|JP08|JP05,"MATCH (p:ObservedPM25)-[:OBSERVED_AT]->(t:ObservationTime)-[:AT_LOCATION]->(l:Location)
WHERE l.prefecture_en = 'Miyazaki Prefecture'
  AND t.year = 2022
  AND p.pm25 >= 0 AND p.pm25 <= 500
RETURN t.season AS season,
       round(avg(p.pm25), 2) AS avg_pm25,
       count(p) AS readings
ORDER BY avg_pm25 DESC",1.0,1.0,0.0,0.8,0.8,0,0,15.767,executed,,1,1
q106,temporal,complex,5,JP02|JP04|JP14|JP05|JP22,"MATCH (p:ObservedPM25)-[:OBSERVED_AT]->(t:ObservationTime)-[:AT_LOCATION]->(l:Location)
WHERE l.prefecture_en = 'Aichi Prefecture'
  AND t.year = 2022
  AND p.pm25 >= 0 AND p.pm25 <= 500
  AND t.season IS NOT NULL
RETURN t.season AS season,
       round(avg(p.pm25), 2) AS avg_pm25,
       count(p) AS readings
ORDER BY avg_pm25 DESC",1.0,1.0,0.0,0.8,0.8,0,0,16.164,executed,,1,1
q108,temporal,complex,5,JP04|JP14|JP02|JP05|JP26,"MATCH (p:ObservedPM25)-[:OBSERVED_AT]->(t:ObservationTime)-[:AT_LOCATION]->(l:Location)
WHERE l.prefecture_en = 'Nara Prefecture'
  AND t.year = 2023
  AND p.pm25 >= 0 AND p.pm25 <= 500
RETURN t.season AS season,
       round(avg(p.pm25), 2) AS avg_pm25,
       count(p) AS readings
ORDER BY avg_pm25 DESC",1.0,1.0,0.0,0.8,0.8,0,0,16.228,executed,,1,1
q109,temporal,complex,5,JP04|JP02|JP14|JP22|JP05,"MATCH (p:ObservedPM25)-[:OBSERVED_AT]->(t:ObservationTime)-[:AT_LOCATION]->(l:Location)
WHERE l.prefecture_en = 'Shiga Prefecture'
  AND t.year = 2024
  AND p.pm25 >= 0 AND p.pm25 <= 500
  AND t.season IS NOT NULL
RETURN t.season AS season,
       round(avg(p.pm25), 2) AS avg_pm25,
       count(p) AS readings
ORDER BY avg_pm25 DESC",1.0,1.0,0.0,0.8,0.8,0,0,16.155,executed,,1,1
q111,temporal,complex,5,JP04|JP14|JP05|JP08|JP06,"MATCH (p:ObservedPM25)-[:OBSERVED_AT]->(t:ObservationTime)-[:AT_LOCATION]->(l:Location)
WHERE l.prefecture_en = 'Hokkaido Prefecture'
  AND t.year = 2025
  AND p.pm25 >= 0 AND p.pm25 <= 500
RETURN t.season AS season,
       round(avg(p.pm25), 2) AS avg_pm25,
       count(p) AS readings
ORDER BY avg_pm25 DESC",1.0,1.0,0.0,0.8,0.8,0,0,11.606,executed,,1,1
q112,temporal,complex,5,JP04|JP14|JP17|JP05|JP08,"MATCH (p:ObservedPM25)-[:OBSERVED_AT]->(t:ObservationTime)-[:AT_LOCATION]->(l:Location)
WHERE l.prefecture_en = 'Hiroshima Prefecture'
  AND t.year = 2020
  AND p.pm25 >= 0 AND p.pm25 <= 500
WITH t.season AS season, round(avg(p.pm25), 2) AS avg_pm25
ORDER BY avg_pm25 DESC
RETURN season, avg_pm25",1.0,1.0,0.0,1.0,1.0,1,1,11.216,executed,,1,1
q114,temporal,complex,5,JP04|JP05|JP14|JP02|JP22,"MATCH (p:ObservedPM25)-[:OBSERVED_AT]->(t:ObservationTime)-[:AT_LOCATION]->(l:Location)
WHERE l.prefecture_en = 'Miyagi Prefecture'
  AND t.year = 2025
  AND p.pm25 >= 0 AND p.pm25 <= 500
WITH t.season AS season, round(avg(p.pm25), 2) AS avg_pm25
ORDER BY avg_pm25 DESC
RETURN season, avg_pm25",1.0,1.0,0.0,1.0,1.0,1,1,16.155,executed,,1,1
q115,temporal,complex,5,JP02|JP14|JP05|JP04|JP08,"MATCH (p:ObservedPM25)-[:OBSERVED_AT]->(t:ObservationTime)-[:AT_LOCATION]->(l:Location)
WHERE l.prefecture_en = 'Shimane Prefecture'
  AND t.year = 2023
  AND p.pm25 >= 0 AND p.pm25 <= 500
RETURN t.month AS month,
       t.month_name AS month_name,
       round(avg(p.pm25), 2) AS avg_pm25
ORDER BY month",1.0,1.0,0.0,0.8,0.8,0,0,10.518,executed,,1,1
q116,temporal,complex,5,JP04|JP14|JP02|JP05|JP08,"MATCH (p:ObservedPM25)-[:OBSERVED_AT]->(t:ObservationTime)-[:AT_LOCATION]->(l:Location)
WHERE l.prefecture_en = 'Miyazaki Prefecture'
  AND t.year = 2019
  AND p.pm25 >= 0 AND p.pm25 <= 500
RETURN t.season AS season,
       round(avg(p.pm25), 2) AS avg_pm25,
       count(p) AS readings
ORDER BY avg_pm25 DESC",1.0,1.0,0.0,0.8,0.8,0,0,15.506,executed,,1,1
q117,temporal,complex,5,JP14|JP02|JP04|JP05|JP08,"MATCH (p:ObservedPM25)-[:OBSERVED_AT]->(t:ObservationTime)-[:AT_LOCATION]->(l:Location)
WHERE l.prefecture_en = 'Kyoto Prefecture'
  AND t.year = 2018
  AND p.pm25 >= 0 AND p.pm25 <= 500
RETURN t.month AS month,
       t.month_name AS month_name,
       round(avg(p.pm25), 2) AS avg_pm25
ORDER BY month",1.0,1.0,0.0,0.8,0.8,0,0,10.513,executed,,1,1
q118,temporal,complex,5,JP04|JP02|JP14|JP05|JP26,"MATCH (p:ObservedPM25)-[:OBSERVED_AT]->(t:ObservationTime)-[:AT_LOCATION]->(l:Location)
WHERE l.prefecture_en = 'Nara Prefecture'
  AND t.year = 2019
  AND p.pm25 >= 0 AND p.pm25 <= 500
RETURN t.season AS season,
       round(avg(p.pm25), 2) AS avg_pm25,
       count(p) AS readings
ORDER BY avg_pm25 DESC",1.0,1.0,0.0,0.8,0.8,0,0,15.741,executed,,1,1
q120,temporal,complex,5,JP14|JP02|JP04|JP05|JP08,"MATCH (p:ObservedPM25)-[:OBSERVED_AT]->(t:ObservationTime)-[:AT_LOCATION]->(l:Location)
WHERE l.prefecture_en = 'Kochi Prefecture'
  AND t.year = 2021
  AND p.pm25 >= 0 AND p.pm25 <= 500
RETURN t.month AS month,
       t.month_name AS month_name,
       round(avg(p.pm25), 2) AS avg_pm25
ORDER BY month",1.0,1.0,0.0,0.8,0.8,0,0,11.011,executed,,1,1
q122,temporal,complex,5,JP14|JP04|JP02|JP08|JP15,"MATCH (p:ObservedPM25)-[:OBSERVED_AT]->(t:ObservationTime)-[:AT_LOCATION]->(l:Location)
WHERE l.prefecture_en = 'Chiba Prefecture'
  AND p.pm25 >= 0 AND p.pm25 <= 500
RETURN t.year AS year,
       round(avg(p.pm25), 2) AS avg_pm25,
       count(p) AS readings
ORDER BY year",1.0,0.0,0.0,0.0,0.0,0,0,9.363,execution_failure,Timeout: exceeded 30s,1,1
q123,temporal,complex,5,JP02|JP14|JP04|JP05|JP08,"MATCH (p:ObservedPM25)-[:OBSERVED_AT]->(t:ObservationTime)-[:AT_LOCATION]->(l:Location)
WHERE l.prefecture_en = 'Aichi Prefecture'
  AND t.year = 2022
  AND p.pm25 >= 0 AND p.pm25 <= 500
RETURN t.month AS month,
       t.month_name AS month_name,
       round(avg(p.pm25), 2) AS avg_pm25
ORDER BY month",1.0,1.0,0.0,0.8,0.8,0,0,9.767,executed,,1,1
q124,temporal,complex,5,JP02|JP14|JP05|JP04|JP26,"MATCH (p:ObservedPM25)-[:OBSERVED_AT]->(t:ObservationTime)-[:AT_LOCATION]->(l:Location)
WHERE l.prefecture_en = 'Saga Prefecture'
  AND t.year = 2019
  AND p.pm25 >= 0 AND p.pm25 <= 500
RETURN t.month AS month,
       t.month_name AS month_name,
       round(avg(p.pm25), 2) AS avg_pm25
ORDER BY month",1.0,1.0,0.0,0.8,0.8,0,0,9.563,executed,,1,1
q125,temporal,complex,5,JP04|JP14|JP05|JP08|JP02,"MATCH (p:ObservedPM25)-[:OBSERVED_AT]->(t:ObservationTime)-[:AT_LOCATION]->(l:Location)
WHERE l.prefecture_en = 'Kagoshima Prefecture'
  AND t.year = 2022
  AND p.pm25 >= 0 AND p.pm25 <= 500
WITH t.season AS season, round(avg(p.pm25), 2) AS avg_pm25
ORDER BY avg_pm25 DESC
RETURN season, avg_pm25",1.0,1.0,0.0,1.0,1.0,1,1,14.901,executed,,1,1
q127,temporal,complex,5,JP02|JP14|JP15|JP04|JP08,"MATCH (p:ObservedPM25)-[:OBSERVED_AT]->(t:ObservationTime)-[:AT_LOCATION]->(l:Location)
WHERE l.prefecture_en = 'Tochigi Prefecture'
  AND p.pm25 >= 0 AND p.pm25 <= 500
RETURN t.year AS year,
       round(avg(p.pm25), 2) AS avg_pm25,
       count(p) AS readings
ORDER BY year",1.0,0.0,0.0,0.0,0.0,0,0,9.797,execution_failure,Timeout: exceeded 30s,1,1
q128,temporal,complex,5,JP14|JP27|JP04|JP02|JP08,"MATCH (p:ObservedPM25)-[:OBSERVED_AT]->(t:ObservationTime)-[:AT_LOCATION]->(l:Location)
WHERE l.prefecture_en = 'Tokushima Prefecture'
  AND t.year = 2023
  AND p.pm25 >= 0 AND p.pm25 <= 500
RETURN t.month AS month,
       t.month_name AS month_name,
       round(avg(p.pm25), 2) AS avg_pm25
ORDER BY month",1.0,1.0,0.0,0.8,0.8,0,0,10.553,executed,,1,1
q129,temporal,complex,5,JP14|JP04|JP08|JP15|JP02,"MATCH (p:ObservedPM25)-[:OBSERVED_AT]->(t:ObservationTime)-[:AT_LOCATION]->(l:Location)
WHERE l.prefecture_en = 'Saitama Prefecture'
  AND p.pm25 >= 0 AND p.pm25 <= 500
RETURN t.year AS year,
       round(avg(p.pm25), 2) AS avg_pm25,
       count(p) AS readings
ORDER BY year",1.0,0.0,0.0,0.0,0.0,0,0,9.638,execution_failure,Timeout: exceeded 30s,1,1
q130,temporal,complex,5,JP04|JP02|JP14|JP05|JP22,"MATCH (p:ObservedPM25)-[:OBSERVED_AT]->(t:ObservationTime)-[:AT_LOCATION]->(l:Location)
WHERE l.prefecture_en = 'Oita Prefecture'
  AND t.year = 2022
  AND p.pm25 >= 0 AND p.pm25 <= 500
  AND t.season IS NOT NULL
RETURN t.season AS season,
       round(avg(p.pm25), 2) AS avg_pm25,
       count(p) AS readings
ORDER BY avg_pm25 DESC",1.0,1.0,0.0,0.8,0.8,0,0,16.173,executed,,1,1
q131,health_risk,medium,5,JP19|JP01|JP07|JP05|JP04,"MATCH (p:ObservedPM25)-[:OBSERVED_AT]->(t:ObservationTime)-[:AT_LOCATION]->(l:Location)
WHERE l.prefecture_en = 'Fukuoka Prefecture'
  AND t.season = 'Winter'
  AND p.pm25_level IN ['Unhealthy', 'Very Unhealthy']
RETURN count(DISTINCT p) AS unhealthy_readings_count",1.0,1.0,0.0,0.0,0.0,0,0,10.398,executed,,0,1
q133,health_risk,complex,5,JP21|JP16|JP01|JP23|JP05,"MATCH (p:ObservedPM25)-[:OBSERVED_AT]->(t:ObservationTime)-[:AT_LOCATION]->(l:Location)
WHERE l.prefecture_en = 'Gunma Prefecture'
  AND t.year = 2025
  AND p.pm25 >= 0 AND p.pm25 <= 500
WITH count(p) AS total,
     count(CASE WHEN p.pm25_level IN ['Slightly Unhealthy', 'Unhealthy', 'Very Unhealthy'] THEN 1 END) AS exceeds_standard
RETURN total, exceeds_standard, round(100.0 * exceeds_standard / total, 2) AS exceed_pct",1.0,1.0,0.0,1.0,1.0,1,1,20.525,executed,,1,1
q134,health_risk,complex,5,JP21|JP07|JP19|JP16|JP23,"MATCH (p:ObservedPM25)-[:RECORDED_BY]->(s:Station)-[:LOCATED_AT]->(l:Location),
      (p)-[:OBSERVED_AT]->(t:ObservationTime)
WHERE l.prefecture_en = 'Fukuoka Prefecture'
  AND t.year = 2022
  AND p.pm25 >= 0 AND p.pm25 <= 500
WITH count(p) AS total_readings,
     count(CASE WHEN p.pm25_level IN ['Slightly Unhealthy', 'Unhealthy', 'Very Unhealthy'] THEN 1 END) AS exceeded_readings
RETURN total_readings, exceeded_readings, 
       round(100.0 * exceeded_readings / total_readings, 2) AS exceed_pct",1.0,1.0,0.0,1.0,1.0,1,1,16.349,executed,,1,1
q136,health_risk,medium,5,JP01|JP04|JP16|JP02|JP19,"MATCH (p:ObservedPM25)-[:OBSERVED_AT]->(t:ObservationTime)-[:AT_LOCATION]->(l:Location)
WHERE l.prefecture_en = 'Ibaraki Prefecture'
  AND t.season = 'Spring'
  AND p.pm25_level IN ['Unhealthy', 'Very Unhealthy']
RETURN count(p) AS unhealthy_count",1.0,1.0,0.0,0.0,0.0,0,0,12.453,executed,,0,1
q137,health_risk,medium,5,JP01|JP04|JP05|JP16|JP22,"MATCH (p:ObservedPM25)-[:OBSERVED_AT]->(t:ObservationTime)-[:AT_LOCATION]->(l:Location)
WHERE l.prefecture_en = 'Akita Prefecture'
  AND t.season = 'Winter'
  AND p.pm25_level IN ['Unhealthy', 'Very Unhealthy', 'Slightly Unhealthy']
  AND p.pm25 >= 0 AND p.pm25 <= 500
RETURN count(p) AS unhealthy_readings_count",1.0,1.0,0.0,1.0,1.0,1,1,11.642,executed,,0,1
q138,health_risk,medium,5,JP01|JP19|JP16|JP04|JP17,"MATCH (p:ObservedPM25)-[:RECORDED_BY]->(s:Station)-[:LOCATED_AT]->(l:Location),
      (p)-[:OBSERVED_AT]->(t:ObservationTime)
WHERE l.prefecture_en = 'Nagasaki Prefecture'
  AND t.season = 'Summer'
  AND p.pm25_level IN ['Unhealthy', 'Very Unhealthy']
RETURN count(p) AS unhealthy_count",1.0,1.0,0.0,0.0,0.0,0,0,13.516,executed,,0,1
q139,health_risk,medium,5,JP01|JP19|JP17|JP16|JP04,"MATCH (p:ObservedPM25)-[:RECORDED_BY]->(s:Station)-[:LOCATED_AT]->(l:Location),
      (p)-[:OBSERVED_AT]->(t:ObservationTime)
WHERE l.prefecture_en = 'Nagasaki Prefecture'
  AND t.season = 'Autumn'
  AND p.pm25_level IN ['Unhealthy', 'Very Unhealthy']
RETURN count(p) AS unhealthy_readings",1.0,1.0,0.0,0.0,0.0,0,0,11.375,executed,,0,1
q140,health_risk,complex,5,JP21|JP07|JP19|JP16|JP23,"MATCH (p:ObservedPM25)-[:RECORDED_BY]->(s:Station)-[:LOCATED_AT]->(l:Location),
      (p)-[:OBSERVED_AT]->(t:ObservationTime)
WHERE l.prefecture_en = 'Fukuoka Prefecture'
  AND t.year = 2023
  AND p.pm25 >= 0 AND p.pm25 <= 500
WITH count(p) AS total_readings,
     count(CASE WHEN p.pm25_level IN ['Slightly Unhealthy', 'Unhealthy', 'Very Unhealthy'] THEN 1 END) AS exceeded_count
RETURN total_readings, 
       exceeded_count, 
       round(100.0 * exceeded_count / total_readings, 2) AS exceed_pct",1.0,1.0,0.0,1.0,1.0,1,1,21.485,executed,,1,1
q143,health_risk,complex,5,JP21|JP16|JP01|JP23|JP12,"MATCH (p:ObservedPM25)-[:OBSERVED_AT]->(t:ObservationTime)-[:AT_LOCATION]->(l:Location)
WHERE l.prefecture_en = 'Fukui Prefecture'
  AND t.year = 2018
  AND p.pm25 >= 0 AND p.pm25 <= 500
WITH count(p) AS total,
     count(CASE WHEN p.pm25_level IN ['Slightly Unhealthy', 'Unhealthy', 'Very Unhealthy'] THEN 1 END) AS exceeds_standard
RETURN total, exceeds_standard, round(100.0 * exceeds_standard / total, 2) AS exceed_pct",1.0,1.0,0.0,1.0,1.0,1,1,18.282,executed,,1,1
q144,health_risk,complex,5,JP21|JP23|JP01|JP16|JP12,"MATCH (p:ObservedPM25)-[:OBSERVED_AT]->(t:ObservationTime)-[:AT_LOCATION]->(l:Location)
WHERE l.prefecture_en = 'Kagawa Prefecture'
  AND t.year = 2025
  AND p.pm25 >= 0 AND p.pm25 <= 500
WITH count(p) AS total_readings,
     count(CASE WHEN p.pm25_level IN ['Slightly Unhealthy', 'Unhealthy', 'Very Unhealthy'] THEN 1 END) AS exceeded_count
RETURN total_readings, exceeded_count, 
       round(100.0 * exceeded_count / total_readings, 2) AS exceed_pct",1.0,1.0,0.0,1.0,1.0,1,1,15.774,executed,,1,1
q145,health_risk,complex,5,JP16|JP21|JP01|JP23|JP12,"MATCH (p:ObservedPM25)-[:OBSERVED_AT]->(t:ObservationTime)-[:AT_LOCATION]->(l:Location)
WHERE l.prefecture_en = 'Gunma Prefecture'
  AND t.year = 2019
  AND p.pm25 >= 0 AND p.pm25 <= 500
WITH count(p) AS total,
     count(CASE WHEN p.pm25 > 35 THEN 1 END) AS exceeds_standard
RETURN total, exceeds_standard, round(100.0 * exceeds_standard / total, 2) AS exceed_pct",1.0,1.0,0.0,1.0,1.0,1,1,15.389,executed,,1,1
q147,health_risk,complex,5,JP21|JP01|JP16|JP12|JP23,"MATCH (p:ObservedPM25)-[:OBSERVED_AT]->(t:ObservationTime)-[:AT_LOCATION]->(l:Location)
WHERE l.prefecture_en = 'Miyagi Prefecture'
  AND t.year = 2018
  AND p.pm25 >= 0 AND p.pm25 <= 500
WITH count(p) AS total,
     count(CASE WHEN p.pm25 > 35 THEN 1 END) AS exceeds_standard
RETURN total, exceeds_standard, round(100.0 * exceeds_standard / total, 2) AS exceed_pct",1.0,1.0,0.0,1.0,1.0,1,1,15.794,executed,,1,1
q148,health_risk,medium,5,JP01|JP05|JP04|JP14|JP16,"MATCH (p:ObservedPM25)-[:OBSERVED_AT]->(t:ObservationTime)-[:AT_LOCATION]->(l:Location)
WHERE l.prefecture_en = 'Osaka Prefecture'
  AND t.season = 'Winter'
  AND p.pm25_level IN ['Unhealthy', 'Very Unhealthy', 'Slightly Unhealthy']
RETURN count(p) AS unhealthy_readings",1.0,1.0,0.0,1.0,1.0,1,1,10.847,executed,,0,1
q150,health_risk,complex,5,JP21|JP16|JP01|JP12|JP23,"MATCH (p:ObservedPM25)-[:OBSERVED_AT]->(t:ObservationTime)-[:AT_LOCATION]->(l:Location)
WHERE l.prefecture_en = 'Gifu Prefecture'
  AND t.year = 2018
  AND p.pm25 >= 0 AND p.pm25 <= 500
WITH count(p) AS total,
     count(CASE WHEN p.pm25_level IN ['Slightly Unhealthy', 'Unhealthy', 'Very Unhealthy'] THEN 1 END) AS exceeds_standard
RETURN total, exceeds_standard, round(100.0 * exceeds_standard / total, 2) AS exceed_pct",1.0,1.0,0.0,1.0,1.0,1,1,17.811,executed,,1,1
q151,health_risk,complex,5,JP21|JP01|JP16|JP23|JP12,"MATCH (p:ObservedPM25)-[:OBSERVED_AT]->(t:ObservationTime)-[:AT_LOCATION]->(l:Location)
WHERE l.prefecture_en = 'Akita Prefecture'
  AND t.year = 2020
  AND p.pm25 >= 0 AND p.pm25 <= 500
WITH count(p) AS total,
     count(CASE WHEN p.pm25_level IN ['Slightly Unhealthy', 'Unhealthy', 'Very Unhealthy'] THEN 1 END) AS exceeds_standard
RETURN total, exceeds_standard, round(100.0 * exceeds_standard / total, 2) AS exceed_pct",1.0,1.0,0.0,1.0,1.0,1,1,16.848,executed,,1,1
q152,health_risk,complex,5,JP16|JP21|JP01|JP23|JP05,"MATCH (p:ObservedPM25)-[:OBSERVED_AT]->(t:ObservationTime)-[:AT_LOCATION]->(l:Location)
WHERE l.prefecture_en = 'Gunma Prefecture'
  AND t.year = 2018
  AND p.pm25 >= 0 AND p.pm25 <= 500
WITH count(p) AS total_readings,
     count(CASE WHEN p.pm25 > 35 THEN 1 END) AS exceeded_count
RETURN total_readings, exceeded_count, 
       round(100.0 * exceeded_count / total_readings, 2) AS exceed_pct",1.0,1.0,0.0,1.0,1.0,1,1,15.703,executed,,1,1
q153,health_risk,medium,5,JP01|JP16|JP05|JP04|JP02,"MATCH (p:ObservedPM25)-[:OBSERVED_AT]->(t:ObservationTime)-[:AT_LOCATION]->(l:Location)
WHERE l.prefecture_en = 'Shimane Prefecture'
  AND t.season = 'Winter'
  AND p.pm25_level IN ['Unhealthy', 'Very Unhealthy', 'Slightly Unhealthy']
RETURN count(p) AS unhealthy_readings",1.0,1.0,0.0,1.0,1.0,1,1,9.816,executed,,0,1
q154,health_risk,complex,5,JP21|JP01|JP23|JP16|JP26,"MATCH (p:ObservedPM25)-[:OBSERVED_AT]->(t:ObservationTime)-[:AT_LOCATION]->(l:Location)
WHERE l.prefecture_en = 'Yamagata Prefecture'
  AND t.year = 2025
  AND p.pm25 >= 0 AND p.pm25 <= 500
WITH count(p) AS total_readings,
     count(CASE WHEN p.pm25_level IN ['Slightly Unhealthy', 'Unhealthy', 'Very Unhealthy'] THEN 1 END) AS exceeded_count
RETURN total_readings, exceeded_count, 
       round(100.0 * exceeded_count / total_readings, 2) AS exceed_pct",1.0,1.0,0.0,1.0,1.0,1,1,20.147,executed,,1,1
q155,health_risk,complex,5,JP21|JP01|JP16|JP23|JP27,"MATCH (p:ObservedPM25)-[:OBSERVED_AT]->(t:ObservationTime)-[:AT_LOCATION]->(l:Location)
WHERE l.prefecture_en = 'Okayama Prefecture'
  AND t.year = 2020
  AND p.pm25 >= 0 AND p.pm25 <= 500
WITH count(p) AS total_readings,
     count(CASE WHEN p.pm25_level IN ['Slightly Unhealthy', 'Unhealthy', 'Very Unhealthy'] THEN 1 END) AS exceeded_count
RETURN total_readings, exceeded_count, 
       round(100.0 * exceeded_count / total_readings, 2) AS exceed_pct",1.0,1.0,0.0,1.0,1.0,1,1,18.057,executed,,1,1
q157,health_risk,medium,5,JP01|JP19|JP04|JP16|JP14,"MATCH (p:ObservedPM25)-[:RECORDED_BY]->(s:Station)-[:LOCATED_AT]->(l:Location),
      (p)-[:OBSERVED_AT]->(t:ObservationTime)
WHERE l.prefecture_en = 'Kagoshima Prefecture'
  AND t.season = 'Autumn'
  AND p.pm25_level IN ['Unhealthy', 'Very Unhealthy']
RETURN count(p) AS unhealthy_readings",1.0,1.0,0.0,0.0,0.0,0,0,14.186,executed,,0,1
q158,health_risk,complex,5,JP21|JP16|JP02|JP12|JP01,"MATCH (p:ObservedPM25)-[:OBSERVED_AT]->(t:ObservationTime)-[:AT_LOCATION]->(l:Location)
WHERE l.prefecture_en = 'Tochigi Prefecture'
  AND t.year = 2019
  AND p.pm25 >= 0 AND p.pm25 <= 500
WITH count(p) AS total,
     count(CASE WHEN p.pm25 > 35 THEN 1 END) AS exceeds_standard
RETURN total, exceeds_standard, round(100.0 * exceeds_standard / total, 2) AS exceed_pct",1.0,1.0,0.0,1.0,1.0,1,1,15.164,executed,,1,1
q160,health_risk,complex,5,JP21|JP16|JP23|JP01|JP12,"MATCH (p:ObservedPM25)-[:OBSERVED_AT]->(t:ObservationTime)-[:AT_LOCATION]->(l:Location)
WHERE l.prefecture_en = 'Oita Prefecture'
  AND t.year = 2025
  AND p.pm25 >= 0 AND p.pm25 <= 500
WITH count(p) AS total,
     count(CASE WHEN p.pm25_level IN ['Slightly Unhealthy', 'Unhealthy', 'Very Unhealthy'] THEN 1 END) AS exceeds_standard
RETURN total, exceeds_standard, round(100.0 * exceeds_standard / total, 2) AS exceed_pct",1.0,1.0,0.0,1.0,1.0,1,1,17.759,executed,,1,1
q161,health_risk,complex,5,JP21|JP16|JP01|JP23|JP27,"MATCH (p:ObservedPM25)-[:OBSERVED_AT]->(t:ObservationTime)-[:AT_LOCATION]->(l:Location)
WHERE l.prefecture_en = 'Shizuoka Prefecture'
  AND t.year = 2025
  AND p.pm25 >= 0 AND p.pm25 <= 500
WITH count(p) AS total,
     count(CASE WHEN p.pm25_level IN ['Slightly Unhealthy', 'Unhealthy', 'Very Unhealthy'] THEN 1 END) AS exceeds_standard
RETURN total, exceeds_standard, round(100.0 * exceeds_standard / total, 2) AS exceed_pct",1.0,1.0,0.0,1.0,1.0,1,1,21.169,executed,,1,1
q162,health_risk,medium,5,JP01|JP19|JP04|JP16|JP14,"MATCH (p:ObservedPM25)-[:RECORDED_BY]->(s:Station)-[:LOCATED_AT]->(l:Location),
      (p)-[:OBSERVED_AT]->(t:ObservationTime)
WHERE l.prefecture_en = 'Kagawa Prefecture'
  AND t.season = 'Spring'
  AND p.pm25_level IN ['Unhealthy', 'Very Unhealthy']
RETURN count(p) AS unhealthy_readings_count",1.0,1.0,0.0,0.0,0.0,0,0,12.4,executed,,0,1
q164,health_risk,medium,5,JP01|JP19|JP04|JP16|JP22,"MATCH (p:ObservedPM25)-[:OBSERVED_AT]->(t:ObservationTime)-[:AT_LOCATION]->(l:Location)
WHERE l.prefecture_en = 'Nagano Prefecture'
  AND t.season = 'Autumn'
  AND p.pm25_level IN ['Unhealthy', 'Very Unhealthy']
RETURN count(p) AS unhealthy_readings",1.0,1.0,0.0,0.0,0.0,0,0,10.943,executed,,0,1
q165,health_risk,complex,5,JP21|JP01|JP16|JP23|JP12,"MATCH (p:ObservedPM25)-[:OBSERVED_AT]->(t:ObservationTime)-[:AT_LOCATION]->(l:Location)
WHERE l.prefecture_en = 'Kagawa Prefecture'
  AND t.year = 2018
  AND p.pm25 >= 0 AND p.pm25 <= 500
WITH count(p) AS total,
     count(CASE WHEN p.pm25_level IN ['Slightly Unhealthy', 'Unhealthy', 'Very Unhealthy'] THEN 1 END) AS exceeds_standard
RETURN total, exceeds_standard, round(100.0 * exceeds_standard / total, 2) AS exceed_pct",1.0,1.0,0.0,1.0,1.0,1,1,19.279,executed,,1,1
q166,health_risk,complex,5,JP21|JP16|JP02|JP12|JP01,"MATCH (p:ObservedPM25)-[:OBSERVED_AT]->(t:ObservationTime)-[:AT_LOCATION]->(l:Location)
WHERE l.prefecture_en = 'Tochigi Prefecture'
  AND t.year = 2021
  AND p.pm25 >= 0 AND p.pm25 <= 500
WITH count(p) AS total,
     count(CASE WHEN p.pm25 > 35 THEN 1 END) AS exceeds_standard
RETURN total, exceeds_standard, round(100.0 * exceeds_standard / total, 2) AS exceed_pct",1.0,1.0,0.0,1.0,1.0,1,1,15.168,executed,,1,1
q167,health_risk,complex,5,JP21|JP01|JP16|JP12|JP27,"MATCH (p:ObservedPM25)-[:OBSERVED_AT]->(t:ObservationTime)-[:AT_LOCATION]->(l:Location)
WHERE l.prefecture_en = 'Mie Prefecture'
  AND t.year = 2019
  AND p.pm25 >= 0 AND p.pm25 <= 500
WITH count(p) AS total,
     count(CASE WHEN p.pm25 > 35 THEN 1 END) AS exceeds_standard
RETURN total, exceeds_standard, round(100.0 * exceeds_standard / total, 2) AS exceed_pct",1.0,1.0,0.0,1.0,1.0,1,1,18.485,executed,,1,1
q169,health_risk,complex,5,JP21|JP16|JP01|JP23|JP26,"MATCH (p:ObservedPM25)-[:OBSERVED_AT]->(t:ObservationTime)-[:AT_LOCATION]->(l:Location)
WHERE l.prefecture_en = 'Ishikawa Prefecture'
  AND t.year = 2020
  AND p.pm25 >= 0 AND p.pm25 <= 500
WITH count(p) AS total_readings,
     count(CASE WHEN p.pm25_level IN ['Slightly Unhealthy', 'Unhealthy', 'Very Unhealthy'] THEN 1 END) AS exceeded_count
RETURN total_readings, exceeded_count, round(100.0 * exceeded_count / total_readings, 2) AS exceed_pct",1.0,1.0,0.0,1.0,1.0,1,1,19.259,executed,,1,1
q170,health_risk,medium,5,JP01|JP16|JP04|JP22|JP19,"MATCH (p:ObservedPM25)-[:RECORDED_BY]->(s:Station)-[:LOCATED_AT]->(l:Location),
      (p)-[:OBSERVED_AT]->(t:ObservationTime)
WHERE l.prefecture_en = 'Wakayama Prefecture'
  AND t.season = 'Summer'
  AND p.pm25_level IN ['Unhealthy', 'Very Unhealthy']
RETURN count(p) AS unhealthy_count",1.0,1.0,0.0,0.0,0.0,0,0,14.338,executed,,0,1
q172,comparative,medium,5,JP06|JP28|JP11|JP01|JP27,"MATCH (p:ObservedPM25)-[:RECORDED_BY]->(s:Station)-[:LOCATED_AT]->(l:Location),
      (p)-[:OBSERVED_AT]->(t:ObservationTime)
WHERE l.prefecture_en = 'Niigata Prefecture'
  AND t.year = 2018
  AND p.pm25 >= 0 AND p.pm25 <= 500
WITH s.stationtype_en AS station_type,
     round(avg(p.pm25), 2) AS avg_pm25
RETURN station_type, avg_pm25
ORDER BY avg_pm25 DESC",1.0,1.0,0.0,0.8,0.8,0,0,14.526,executed,,1,1
q173,comparative,medium,5,JP06|JP11|JP28|JP01|JP15,"MATCH (p:ObservedPM25)-[:RECORDED_BY]->(s:Station)-[:LOCATED_AT]->(l:Location),
      (p)-[:OBSERVED_AT]->(t:ObservationTime)
WHERE l.prefecture_en = 'Niigata Prefecture'
  AND t.year = 2020
  AND p.pm25 >= 0 AND p.pm25 <= 500
WITH s.stationtype_en AS station_type, round(avg(p.pm25), 2) AS avg_pm25
RETURN station_type, avg_pm25
ORDER BY avg_pm25 DESC",1.0,1.0,0.0,0.8,0.8,0,0,17.274,executed,,1,1
q174,comparative,medium,5,JP06|JP11|JP28|JP15|JP22,"MATCH (p:ObservedPM25)-[:RECORDED_BY]->(s:Station)-[:LOCATED_AT]->(l:Location),
      (p)-[:OBSERVED_AT]->(t:ObservationTime)
WHERE l.prefecture_en = 'Shiga Prefecture'
  AND t.year = 2018
  AND p.pm25 >= 0 AND p.pm25 <= 500
RETURN s.stationtype_en AS station_type,
       round(avg(p.pm25), 2) AS avg_pm25,
       count(p) AS readings
ORDER BY avg_pm25 DESC",1.0,1.0,0.0,1.0,1.0,1,1,13.511,executed,,1,1
q175,comparative,medium,5,JP06|JP28|JP11|JP27|JP01,"MATCH (p:ObservedPM25)-[:RECORDED_BY]->(s:Station)-[:LOCATED_AT]->(l:Location),
      (p)-[:OBSERVED_AT]->(t:ObservationTime)
WHERE l.prefecture_en = 'Kumamoto Prefecture'
  AND t.year = 2021
  AND p.pm25 >= 0 AND p.pm25 <= 500
WITH s.stationtype_en AS station_type, round(avg(p.pm25), 2) AS avg_pm25
RETURN station_type, avg_pm25
ORDER BY avg_pm25 DESC",1.0,1.0,0.0,0.8,0.8,0,0,17.726,executed,,1,1
q176,comparative,medium,5,JP06|JP28|JP11|JP15|JP27,"MATCH (p:ObservedPM25)-[:RECORDED_BY]->(s:Station)-[:LOCATED_AT]->(l:Location),
      (p)-[:OBSERVED_AT]->(t:ObservationTime)
WHERE l.prefecture_en = 'Toyama Prefecture'
  AND t.year = 2023
  AND p.pm25 >= 0 AND p.pm25 <= 500
WITH s.stationtype_en AS station_type,
     round(avg(p.pm25), 2) AS avg_pm25
RETURN station_type, avg_pm25
ORDER BY avg_pm25 DESC",1.0,1.0,0.0,0.8,0.8,0,0,12.227,executed,,1,1
q177,comparative,medium,5,JP06|JP28|JP11|JP15|JP01,"MATCH (p:ObservedPM25)-[:RECORDED_BY]->(s:Station)-[:LOCATED_AT]->(l:Location),
      (p)-[:OBSERVED_AT]->(t:ObservationTime)
WHERE l.prefecture_en = 'Saga Prefecture'
  AND t.year = 2020
  AND p.pm25 >= 0 AND p.pm25 <= 500
WITH s.stationtype_en AS station_type, round(avg(p.pm25), 2) AS avg_pm25
RETURN station_type, avg_pm25
ORDER BY avg_pm25 DESC",1.0,1.0,0.0,0.8,0.8,0,0,11.925,executed,,1,1
q178,comparative,medium,5,JP06|JP11|JP28|JP15|JP22,"MATCH (p:ObservedPM25)-[:RECORDED_BY]->(s:Station)-[:LOCATED_AT]->(l:Location),
      (p)-[:OBSERVED_AT]->(t:ObservationTime)
WHERE l.prefecture_en = 'Shiga Prefecture'
  AND t.year = 2025
  AND p.pm25 >= 0 AND p.pm25 <= 500
RETURN s.stationtype_en AS station_type,
       round(avg(p.pm25), 2) AS avg_pm25,
       count(p) AS readings
ORDER BY avg_pm25 DESC",1.0,1.0,0.0,1.0,1.0,1,1,13.909,executed,,1,1
q179,comparative,complex,5,JP06|JP27|JP05|JP02|JP28,"MATCH (p:ObservedPM25)-[:RECORDED_BY]->(s:Station)-[:LOCATED_AT]->(l:Location)
WHERE l.prefecture_en = 'Yamagata Prefecture'
  AND p.pm25 >= 0 AND p.pm25 <= 500
  AND p.tid STARTS WITH '2021'
WITH s.stationname_en AS station, avg(p.pm25) AS avg_pm25
ORDER BY avg_pm25 DESC
RETURN station, round(avg_pm25, 2) AS avg_pm25
LIMIT 10",1.0,1.0,0.0,0.0,0.0,0,0,23.72,executed,,1,1
q180,comparative,medium,5,JP06|JP28|JP11|JP01|JP27,"MATCH (p:ObservedPM25)-[:RECORDED_BY]->(s:Station)-[:LOCATED_AT]->(l:Location),
      (p)-[:OBSERVED_AT]->(t:ObservationTime)
WHERE l.prefecture_en = 'Akita Prefecture'
  AND t.year = 2019
  AND p.pm25 >= 0 AND p.pm25 <= 500
WITH s.stationtype_en AS station_type, round(avg(p.pm25), 2) AS avg_pm25
RETURN station_type, avg_pm25
ORDER BY avg_pm25 DESC",1.0,1.0,0.0,0.8,0.8,0,0,18.378,executed,,1,1
q181,comparative,complex,5,JP27|JP28|JP05|JP06|JP02,"MATCH (p:ObservedPM25)-[:RECORDED_BY]->(s:Station)-[:LOCATED_AT]->(l:Location)
WHERE l.prefecture_en = 'Tottori Prefecture'
  AND p.pm25 >= 0 AND p.pm25 <= 500
  AND p.tid CONTAINS '2022'
WITH s.stationname_en AS station,
     s.stationtype_en AS type,
     avg(p.pm25) AS avg_pm25
ORDER BY avg_pm25 DESC
RETURN station, type, round(avg_pm25, 2) AS avg_pm25
LIMIT 10",1.0,0.0,0.0,0.0,0.0,0,0,25.053,execution_failure,Timeout: exceeded 30s,1,1
q184,comparative,complex,5,JP02|JP06|JP05|JP27|JP28,"MATCH (p:ObservedPM25)-[:RECORDED_BY]->(s:Station)-[:LOCATED_AT]->(l:Location)
WHERE l.prefecture_en = 'Shiga Prefecture'
  AND p.pm25 >= 0 AND p.pm25 <= 500
  AND p.observed_at.year = 2018
WITH s.stationname_en AS station, avg(p.pm25) AS avg_pm25
ORDER BY avg_pm25 DESC
RETURN station, round(avg_pm25, 2) AS avg_pm25
LIMIT 10",1.0,1.0,0.0,0.0,0.0,0,0,22.645,executed,,1,1
q185,comparative,complex,5,JP27|JP06|JP28|JP05|JP26,"MATCH (p:ObservedPM25)-[:RECORDED_BY]->(s:Station)-[:LOCATED_AT]->(l:Location)
WHERE l.prefecture_en = 'Hiroshima Prefecture'
  AND p.pm25 >= 0 AND p.pm25 <= 500
  AND p.tid CONTAINS '2022'
WITH s.stationname_en AS station, s.stationtype_en AS type, avg(p.pm25) AS avg_pm25
ORDER BY avg_pm25 DESC
RETURN station, type, round(avg_pm25, 2) AS avg_pm25
LIMIT 10",1.0,0.0,0.0,0.0,0.0,0,0,24.613,execution_failure,Timeout: exceeded 30s,1,1
q186,comparative,complex,5,JP06|JP27|JP05|JP01|JP28,"MATCH (p:ObservedPM25)-[:RECORDED_BY]->(s:Station)-[:LOCATED_AT]->(l:Location)
WHERE l.prefecture_en = 'Saitama Prefecture'
  AND p.pm25 >= 0 AND p.pm25 <= 500
  AND p.tid CONTAINS '2018'
WITH s.stationname_en AS station, avg(p.pm25) AS avg_pm25
ORDER BY avg_pm25 DESC
RETURN station, round(avg_pm25, 2) AS avg_pm25
LIMIT 10
However, the `tid` property in the `ObservationTime` node should be used more precisely to filter by year. Assuming that `tid` contains a timestamp or a string that includes the year, you might want to adjust the query to directly use the `year` property of the `ObservationTime` node if available:

MATCH (p:ObservedPM25)-[:RECORDED_BY]->(s:Station)-[:LOCATED_AT]->(l:Location)
WHERE l.prefecture_en = 'Saitama Prefecture'
  AND p.pm25 >= 0 AND p.pm25 <= 500
  AND t.year = 2018
WITH s.stationname_en AS station, avg(p.pm25) AS avg_pm25
ORDER BY avg_pm25 DESC
RETURN station, round(avg_pm25, 2) AS avg_pm25
LIMIT 10",0.0,0.0,0.0,0.0,0.0,0,0,21.209,execution_failure,SyntaxError: {neo4j_code: Neo.ClientError.Statement.SyntaxError} {message: Invalid input 'However': expected an expressi,1,1
q188,comparative,complex,5,JP06|JP27|JP05|JP28|JP01,"MATCH (p:ObservedPM25)-[:RECORDED_BY]->(s:Station)-[:LOCATED_AT]->(l:Location)
WHERE l.prefecture_en = 'Shizuoka Prefecture'
  AND p.pm25 >= 0 AND p.pm25 <= 500
  AND p.tid CONTAINS '2022'
WITH s.stationname_en AS station, round(avg(p.pm25), 2) AS avg_pm25
ORDER BY avg_pm25 DESC
RETURN station, avg_pm25
LIMIT 10",1.0,0.0,0.0,0.0,0.0,0,0,23.955,execution_failure,Timeout: exceeded 30s,1,1
q189,comparative,complex,5,JP05|JP06|JP27|JP28|JP02,"MATCH (p:ObservedPM25)-[:RECORDED_BY]->(s:Station)-[:LOCATED_AT]->(l:Location)
WHERE l.prefecture_en = 'Gifu Prefecture'
  AND p.pm25 >= 0 AND p.pm25 <= 500
  AND p.tid STARTS WITH '2020'
WITH s.stationname_en AS station, round(avg(p.pm25), 2) AS avg_pm25
ORDER BY avg_pm25 DESC
RETURN station, avg_pm25
LIMIT 10",1.0,1.0,0.0,0.0,0.0,0,0,23.891,executed,,1,1
q191,comparative,medium,5,JP06|JP28|JP11|JP15|JP27,"MATCH (p:ObservedPM25)-[:RECORDED_BY]->(s:Station)-[:LOCATED_AT]->(l:Location),
      (p)-[:OBSERVED_AT]->(t:ObservationTime)
WHERE l.prefecture_en = 'Saga Prefecture'
  AND t.year = 2023
  AND p.pm25 >= 0 AND p.pm25 <= 500
WITH s.stationtype_en AS station_type, round(avg(p.pm25), 2) AS avg_pm25
WHERE station_type IN ['Roadside Station', 'General Station']
RETURN station_type, avg_pm25
ORDER BY avg_pm25 DESC",1.0,1.0,0.0,0.8,0.8,0,0,19.979,executed,,1,1
q192,comparative,medium,5,JP06|JP28|JP11|JP01|JP27,"MATCH (p:ObservedPM25)-[:RECORDED_BY]->(s:Station)-[:LOCATED_AT]->(l:Location),
      (p)-[:OBSERVED_AT]->(t:ObservationTime)
WHERE l.prefecture_en = 'Chiba Prefecture'
  AND t.year = 2018
  AND p.pm25 >= 0 AND p.pm25 <= 500
WITH s.stationtype_en AS station_type, round(avg(p.pm25), 2) AS avg_pm25
RETURN station_type, avg_pm25
ORDER BY avg_pm25 DESC",1.0,1.0,0.0,0.8,0.8,0,0,16.708,executed,,1,1
q194,comparative,medium,5,JP06|JP11|JP28|JP15|JP01,"MATCH (p:ObservedPM25)-[:RECORDED_BY]->(s:Station)-[:LOCATED_AT]->(l:Location),
      (p)-[:OBSERVED_AT]->(t:ObservationTime)
WHERE l.prefecture_en = 'Toyama Prefecture'
  AND t.year = 2020
  AND p.pm25 >= 0 AND p.pm25 <= 500
RETURN s.stationtype_en AS station_type,
       round(avg(p.pm25), 2) AS avg_pm25,
       count(p) AS readings
ORDER BY avg_pm25 DESC",1.0,1.0,0.0,1.0,1.0,1,1,13.856,executed,,1,1
q195,comparative,medium,5,JP06|JP28|JP11|JP27|JP01,"MATCH (p:ObservedPM25)-[:RECORDED_BY]->(s:Station)-[:LOCATED_AT]->(l:Location),
      (p)-[:OBSERVED_AT]->(t:ObservationTime)
WHERE l.prefecture_en = 'Miyagi Prefecture'
  AND t.year = 2024
  AND p.pm25 >= 0 AND p.pm25 <= 500
WITH s.stationtype_en AS station_type,
     round(avg(p.pm25), 2) AS avg_pm25
RETURN station_type, avg_pm25
ORDER BY avg_pm25 DESC",1.0,1.0,0.0,0.8,0.8,0,0,21.42,executed,,1,1
q196,comparative,complex,5,JP27|JP28|JP06|JP05|JP17,"MATCH (p:ObservedPM25)-[:RECORDED_BY]->(s:Station)-[:LOCATED_AT]->(l:Location)
WHERE l.prefecture_en = 'Nagasaki Prefecture'
  AND p.pm25 >= 0 AND p.pm25 <= 500
  AND p.tid CONTAINS '2025'
WITH s.stationname_en AS station, s.stationtype_en AS type, avg(p.pm25) AS avg_pm25
ORDER BY avg_pm25 DESC
RETURN station, type, round(avg_pm25, 2) AS avg_pm25
LIMIT 10",1.0,0.0,0.0,0.0,0.0,0,0,24.934,execution_failure,Timeout: exceeded 30s,1,1
q197,comparative,medium,5,JP06|JP28|JP11|JP01|JP27,"MATCH (p:ObservedPM25)-[:RECORDED_BY]->(s:Station)-[:LOCATED_AT]->(l:Location),
      (p)-[:OBSERVED_AT]->(t:ObservationTime)
WHERE l.prefecture_en = 'Yamagata Prefecture'
  AND t.year = 2024
  AND p.pm25 >= 0 AND p.pm25 <= 500
WITH s.stationtype_en AS station_type, round(avg(p.pm25), 2) AS avg_pm25
RETURN station_type, avg_pm25
ORDER BY avg_pm25 DESC",1.0,1.0,0.0,0.8,0.8,0,0,14.475,executed,,1,1
q198,comparative,medium,5,JP06|JP28|JP01|JP04|JP27,"MATCH (p:ObservedPM25)-[:RECORDED_BY]->(s:Station)-[:LOCATED_AT]->(l:Location)
WHERE l.prefecture_en = 'Okinawa Prefecture'
  AND p.pm25 >= 0 AND p.pm25 <= 500
  AND p.tid CONTAINS '2024'  // Assuming tid contains the year information in a format like 'YYYYMMDDHH'
WITH s.stationtype_en AS station_type, avg(p.pm25) AS avg_pm25
RETURN station_type, round(avg_pm25, 2) AS avg_pm25
ORDER BY avg_pm25 DESC",1.0,0.0,0.0,0.0,0.0,0,0,24.262,execution_failure,Timeout: exceeded 30s,1,1
